ID,ProviderId,nameZh,ddesc,departureZh,destinationZh,gxcode,RouteType,MasterRouteName,MasterRouteNo,MasterRouteDesc,routeMapImageUrl,stopAddrUrl,op_type
602,1,BR,桃園  -  捷運迴龍站,桃園,捷運迴龍站,602,RTY,,,FB,http://ebus.tycg.gov.tw/cms/api/route/602/map/1449/image,http://ebus.tycg.gov.tw/cms/api/route/602/stop-address.pdf,6
602,2,BR,桃園  -  捷運迴龍站,桃園,捷運迴龍站,602,RTY,,,FB,http://ebus.tycg.gov.tw/cms/api/route/602/map/1449/image,http://ebus.tycg.gov.tw/cms/api/route/602/stop-address.pdf,6
607,1,GR,桃園後站  -  捷運坑口站,桃園後站,捷運坑口站,607,RTY,,,FB,http://ebus.tycg.gov.tw/cms/api/route/607/map/1230/image,http://ebus.tycg.gov.tw/cms/api/route/607/stop-address.pdf,6
6070,1,GR2,桃園  -  八德,桃園,八德區公所,6070,RTY,,,FB,http://ebus.tycg.gov.tw/cms/api/route/6070/map/1968/image,http://ebus.tycg.gov.tw/cms/api/route/6070/stop-address.pdf,6
3010,1,1,中壢  -  桃園,中壢,桃園,3010,RTY,,,RG,http://ebus.tycg.gov.tw/cms/api/route/3010/map/1947/image,http://ebus.tycg.gov.tw/cms/api/route/3010/stop-address.pdf,7
3010,2,1,中壢  -  桃園,中壢,桃園,3010,RTY,,,RG,http://ebus.tycg.gov.tw/cms/api/route/3010/map/1947/image,http://ebus.tycg.gov.tw/cms/api/route/3010/stop-address.pdf,7
3020,1,1A,桃園  -  中壢,中壢,桃園,3020,RTY,,,RG,http://ebus.tycg.gov.tw/cms/api/route/3020/map/1948/image,http://ebus.tycg.gov.tw/cms/api/route/3020/stop-address.pdf,
3011,1,1B,中壢  -  桃園(延駛榮民醫院),中壢,桃園,3011,RTY,,,RG,http://ebus.tycg.gov.tw/cms/api/route/3011/map/1949/image,http://ebus.tycg.gov.tw/cms/api/route/3011/stop-address.pdf,
3420,1,101,桃園  -  果菜市場,桃園,果菜市場,3420,RTY,,,RG,http://ebus.tycg.gov.tw/cms/api/route/3420/map/2011/image,http://ebus.tycg.gov.tw/cms/api/route/3420/stop-address.pdf,
3030,1,102,桃園  -  景雲新村,桃園,景雲新村,3030,RTY,,,RG,http://ebus.tycg.gov.tw/cms/api/route/3030/map/2088/image,http://ebus.tycg.gov.tw/cms/api/route/3030/stop-address.pdf,7
3060,1,103,桃園  -  八德轉運站,桃園,八德轉運站,3060,RTY,,,RG,http://ebus.tycg.gov.tw/cms/api/route/3060/map/1955/image,http://ebus.tycg.gov.tw/cms/api/route/3060/stop-address.pdf,
3080,1,105,桃園  -  大有路,桃園,大有路,3080,RTY,,,RG,http://ebus.tycg.gov.tw/cms/api/route/3080/map/1437/image,http://ebus.tycg.gov.tw/cms/api/route/3080/stop-address.pdf,7
3081,1,105A,桃園  -  大有路(繞駛大業路),桃園,大有路,3081,RTY,,,RG,http://ebus.tycg.gov.tw/cms/api/route/3081/map/1438/image,http://ebus.tycg.gov.tw/cms/api/route/3081/stop-address.pdf,7
3082,1,105B,桃園  -  大有路(繞駛國稅局),桃園,大有路,3082,RTY,,,RG,http://ebus.tycg.gov.tw/cms/api/route/3082/map/1439/image,http://ebus.tycg.gov.tw/cms/api/route/3082/stop-address.pdf,7
1060,3,106,桃園  -  南崁,桃園,南崁,106,RTY,,,RG,http://ebus.tycg.gov.tw/cms/api/route/1060/map/1930/image,http://ebus.tycg.gov.tw/cms/api/route/1060/stop-address.pdf,6
3200,1,107,桃園  -  大湳(經國際路),桃園,大湳,3200,RTY,,,RG,http://ebus.tycg.gov.tw/cms/api/route/3200/map/1956/image,http://ebus.tycg.gov.tw/cms/api/route/3200/stop-address.pdf,
3460,1,109,桃園  -  新興高中,桃園,新興高中,3460,RTY,,,RG,http://ebus.tycg.gov.tw/cms/api/route/3460/map/1565/image,http://ebus.tycg.gov.tw/cms/api/route/3460/stop-address.pdf,
3480,1,111,中壢  -  南勢,中壢,南勢,3480,RTY,,,RG,http://ebus.tycg.gov.tw/cms/api/route/3480/map/1669/image,http://ebus.tycg.gov.tw/cms/api/route/3480/stop-address.pdf,
112,2,112N,中壢  -  忠貞,中壢,忠貞,112,RTY,,,RG,http://ebus.tycg.gov.tw/cms/api/route/112/map/1208/image,http://ebus.tycg.gov.tw/cms/api/route/112/stop-address.pdf,7
3260,1,112S,中壢  -  忠貞,中壢,忠貞,3260,RTY,,,RG,http://ebus.tycg.gov.tw/cms/api/route/3260/map/1758/image,http://ebus.tycg.gov.tw/cms/api/route/3260/stop-address.pdf,7
3180,1,113,桃園  -  幸福社區,桃園,幸福社區,3180,RTY,,,RG,http://ebus.tycg.gov.tw/cms/api/route/3180/map/2036/image,http://ebus.tycg.gov.tw/cms/api/route/3180/stop-address.pdf,
3520,1,115A,中壢  -  平東路,中壢,平東路,3520,RTY,,,RG,http://ebus.tycg.gov.tw/cms/api/route/3520/map/1622/image,http://ebus.tycg.gov.tw/cms/api/route/3520/stop-address.pdf,
3510,1,115B,中壢  -  平東路,中壢,平東路,3510,RTY,,,RG,http://ebus.tycg.gov.tw/cms/api/route/3510/map/1623/image,http://ebus.tycg.gov.tw/cms/api/route/3510/stop-address.pdf,
3291,1,116,中壢  -  自立新村,中壢,自立新村,3291,RTY,,,RG,http://ebus.tycg.gov.tw/cms/api/route/3291/map/1525/image,http://ebus.tycg.gov.tw/cms/api/route/3291/stop-address.pdf,
3400,1,117,桃園  -  寶慶路,桃園,寶慶路口,3400,RTY,,,RG,http://ebus.tycg.gov.tw/cms/api/route/3400/map/1932/image,http://ebus.tycg.gov.tw/cms/api/route/3400/stop-address.pdf,7
3401,1,117A,桃園  -  寶慶路(繞駛中埔一街及南平路),桃園,寶慶路口,3401,RTY,,,RG,http://ebus.tycg.gov.tw/cms/api/route/3401/map/1244/image,http://ebus.tycg.gov.tw/cms/api/route/3401/stop-address.pdf,
3370,1,118,中壢  -  中壢高中,中壢,中壢高中,3370,RTY,,,RG,http://ebus.tycg.gov.tw/cms/api/route/3370/map/1639/image,http://ebus.tycg.gov.tw/cms/api/route/3370/stop-address.pdf,
3380,1,119,中壢  -  聯新國際醫院,中壢,聯新國際醫院,3380,RTY,,,RG,http://ebus.tycg.gov.tw/cms/api/route/3380/map/1005/image,http://ebus.tycg.gov.tw/cms/api/route/3380/stop-address.pdf,
3350,1,120,捷運老街溪站 - 太子鎮,捷運老街溪站,太子鎮,3350,RTY,,,RG,http://ebus.tycg.gov.tw/cms/api/route/3350/map/1978/image,http://ebus.tycg.gov.tw/cms/api/route/3350/stop-address.pdf,7
3350,2,120,捷運老街溪站 - 太子鎮,捷運老街溪站,太子鎮,3350,RTY,,,RG,http://ebus.tycg.gov.tw/cms/api/route/3350/map/1978/image,http://ebus.tycg.gov.tw/cms/api/route/3350/stop-address.pdf,7
122,2,122,中壢  -  鄉界,中壢,鄉界,122,RTY,,,RG,http://ebus.tycg.gov.tw/cms/api/route/122/map/1205/image,http://ebus.tycg.gov.tw/cms/api/route/122/stop-address.pdf,7
3090,1,125,桃園  -  三聖宮,桃園,三聖宮,3090,RTY,,,RG,http://ebus.tycg.gov.tw/cms/api/route/3090/map/1440/image,http://ebus.tycg.gov.tw/cms/api/route/3090/stop-address.pdf,
1291,6,129,桃園  -  大竹,大竹,桃園,1291,RTY,,,RG,http://ebus.tycg.gov.tw/cms/api/route/1290/map/1917/image,,7
130,2,130,桃園  -  榮民之家,桃園,榮民之家,130,RTY,,,RG,http://ebus.tycg.gov.tw/cms/api/route/130/map/2128/image,http://ebus.tycg.gov.tw/cms/api/route/130/stop-address.pdf,7
3220,1,132,中壢  -  中央大學,中壢,中央大學,3220,RTY,,,RG,http://ebus.tycg.gov.tw/cms/api/route/3220/map/921/image,http://ebus.tycg.gov.tw/cms/api/route/3220/stop-address.pdf,7
133,2,133,中壢  -  中央大學,中壢,中央大學,133,RTY,,,RG,http://ebus.tycg.gov.tw/cms/api/route/133/map/1429/image,http://ebus.tycg.gov.tw/cms/api/route/133/stop-address.pdf,7
3450,1,135,中壢  -  內壢高中,中壢,內壢高中,3450,RTY,,,RG,http://ebus.tycg.gov.tw/cms/api/route/3450/map/1526/image,http://ebus.tycg.gov.tw/cms/api/route/3450/stop-address.pdf,
3110,1,137,桃園  -  銘傳大學,桃園,銘傳大學,3110,RTY,,,RG,http://ebus.tycg.gov.tw/cms/api/route/3110/map/1870/image,http://ebus.tycg.gov.tw/cms/api/route/3110/stop-address.pdf,7
3120,1,139,桃園  -  新庄廟(繞駛大興路),桃園巨蛋,中興龍安街口,3120,RTY,,,RG,http://ebus.tycg.gov.tw/cms/api/route/3120/map/2012/image,http://ebus.tycg.gov.tw/cms/api/route/3120/stop-address.pdf,
3191,1,151,桃園  -  同安街,桃園,同安街,3191,RTY,,,RG,http://ebus.tycg.gov.tw/cms/api/route/3191/map/1728/image,http://ebus.tycg.gov.tw/cms/api/route/3191/stop-address.pdf,7
3192,1,152,桃園  -  同安街,桃園,同安街,3192,RTY,,,RG,http://ebus.tycg.gov.tw/cms/api/route/3192/map/1139/image,http://ebus.tycg.gov.tw/cms/api/route/3192/stop-address.pdf,7
3282,1,155,中壢  -  元智大學,中壢,元智大學,3282,RTY,,,RG,http://ebus.tycg.gov.tw/cms/api/route/3282/map/2054/image,http://ebus.tycg.gov.tw/cms/api/route/3282/stop-address.pdf,
3281,1,156,中壢  -  內壢家樂福,中壢,內壢家樂福,3281,RTY,,,RG,http://ebus.tycg.gov.tw/cms/api/route/3281/map/1641/image,http://ebus.tycg.gov.tw/cms/api/route/3281/stop-address.pdf,
3440,1,157,桃園  -  八德  -  新興高中,桃園,新興高中,3440,RTY,,,RG,http://ebus.tycg.gov.tw/cms/api/route/3440/map/1957/image,http://ebus.tycg.gov.tw/cms/api/route/3440/stop-address.pdf,
3283,2,167,中壢 - 篤行六村 - 內壢 - 中壢,中壢,中壢,3283,RTY,,,RG,http://ebus.tycg.gov.tw/cms/api/route/3283/map/1653/image,http://ebus.tycg.gov.tw/cms/api/route/3283/stop-address.pdf,7
3284,2,167A,中壢 - 內壢 - 篤行六村 - 中壢,中壢,中壢,3283,RTY,,,RG,http://ebus.tycg.gov.tw/cms/api/route/3284/map/1654/image,http://ebus.tycg.gov.tw/cms/api/route/3284/stop-address.pdf,7
168,4,168,桃園後火車站  -  內壢復興宮,桃園後火車站,內壢復興宮,168,RTY,,,RG,http://ebus.tycg.gov.tw/cms/api/route/168/map/2041/image,http://ebus.tycg.gov.tw/cms/api/route/168/stop-address.pdf,6
1681,4,168A,桃園後火車站  -  內壢復興宮(經龜山工業區),桃園後火車站,內壢復興宮,1681,RTY,,,RG,http://ebus.tycg.gov.tw/cms/api/route/1681/map/2042/image,http://ebus.tycg.gov.tw/cms/api/route/1681/stop-address.pdf,
3300,1,169,中壢  -  華勛社區,中壢,榮民南仁慈路口,3300,RTY,,,RG,http://ebus.tycg.gov.tw/cms/api/route/3300/map/1700/image,http://ebus.tycg.gov.tw/cms/api/route/3300/stop-address.pdf,7
3301,1,169A,中壢  -  華勛社區(延駛內壢火車站),中壢,甲蟲公園,3301,RTY,,,RG,http://ebus.tycg.gov.tw/cms/api/route/3301/map/1701/image,http://ebus.tycg.gov.tw/cms/api/route/3301/stop-address.pdf,7
170,2,170,中壢  -  高鐵桃園站,中壢,高鐵桃園站,170,RTY,,,RG,http://ebus.tycg.gov.tw/cms/api/route/170/map/2101/image,http://ebus.tycg.gov.tw/cms/api/route/170/stop-address.pdf,7
3330,1,171,中壢  -  捷運老街溪站,中壢,捷運老街溪站,3330,RTY,,,RG,http://ebus.tycg.gov.tw/cms/api/route/3330/map/1280/image,http://ebus.tycg.gov.tw/cms/api/route/3330/stop-address.pdf,7
3221,1,172,中央大學  -  高鐵桃園站(經領航南路),中央大學,高鐵桃園站,3221,RTY,,,RG,http://ebus.tycg.gov.tw/cms/api/route/3221/map/2103/image,http://ebus.tycg.gov.tw/cms/api/route/3221/stop-address.pdf,
3221,2,172,中央大學  -  高鐵桃園站(經領航南路),中央大學,高鐵桃園站,3221,RTY,,,RG,http://ebus.tycg.gov.tw/cms/api/route/3221/map/2103/image,http://ebus.tycg.gov.tw/cms/api/route/3221/stop-address.pdf,
1730,1,173,中央大學  -  高鐵桃園站,中央大學,高鐵桃園站,3222,RTY,,,RG,http://ebus.tycg.gov.tw/cms/api/route/1730/map/2104/image,http://ebus.tycg.gov.tw/cms/api/route/1730/stop-address.pdf,
1730,2,173,中央大學  -  高鐵桃園站,中央大學,高鐵桃園站,3222,RTY,,,RG,http://ebus.tycg.gov.tw/cms/api/route/1730/map/2104/image,http://ebus.tycg.gov.tw/cms/api/route/1730/stop-address.pdf,
18110,2,181A,中原大學–高鐵桃園站,中原大學,高鐵桃園站,18110,RTY,,,RG,http://ebus.tycg.gov.tw/cms/api/route/18110/map/2127/image,,
188,1,188,桃園後站  -  中正藝文特區(經桃園監理站),桃園後站,南平同安街口,188,RTY,,,RG,http://ebus.tycg.gov.tw/cms/api/route/188/map/1934/image,http://ebus.tycg.gov.tw/cms/api/route/188/stop-address.pdf,6
189,1,189,桃園後站  -  經國轉運站(經武陵、龍安街、藝文特區),桃園後站,經國轉運站,189,RTY,,,RG,http://ebus.tycg.gov.tw/cms/api/route/189/map/1935/image,http://ebus.tycg.gov.tw/cms/api/route/189/stop-address.pdf,6
1371,1,201,蘆竹  -  八德,八德區公所(農會),水尾,1371,RTY,,,RG,http://ebus.tycg.gov.tw/cms/api/route/1371/map/1936/image,http://ebus.tycg.gov.tw/cms/api/route/1371/stop-address.pdf,
2020,1,202,體育大學  -  工四工業區,工四工業區,體育大學,2020,RTY,,,RG,http://ebus.tycg.gov.tw/cms/api/route/2020/map/1265/image,http://ebus.tycg.gov.tw/cms/api/route/2020/stop-address.pdf,6
3160,1,206,桃園  -  高鐵桃園站,桃園,高鐵桃園站,3160,RTY,,,RG,http://ebus.tycg.gov.tw/cms/api/route/3160/map/2116/image,http://ebus.tycg.gov.tw/cms/api/route/3160/stop-address.pdf,7
3162,1,206A,桃園  -  高鐵桃園站(繞開南大學),桃園,高鐵桃園站,3162,RTY,,,RG,http://ebus.tycg.gov.tw/cms/api/route/3162/map/1902/image,http://ebus.tycg.gov.tw/cms/api/route/3162/stop-address.pdf,7
3163,1,206B,桃園  -  高鐵桃園站(繞捷運領航站),桃園,高鐵桃園站,3163,RTY,,,RG,http://ebus.tycg.gov.tw/cms/api/route/3163/map/1903/image,http://ebus.tycg.gov.tw/cms/api/route/3163/stop-address.pdf,7
3164,1,206C,桃園  -  高鐵桃園站(繞捷運領航站、開南大學),桃園,高鐵桃園站,3164,RTY,,,RG,http://ebus.tycg.gov.tw/cms/api/route/3164/map/1904/image,http://ebus.tycg.gov.tw/cms/api/route/3164/stop-address.pdf,7
3165,1,206D,桃園  -  高鐵桃園站(直達車),桃園(沿途只可下車),高鐵桃園站(沿途只可上車),3165,RTY,,,RG,http://ebus.tycg.gov.tw/cms/api/route/3165/map/2117/image,http://ebus.tycg.gov.tw/cms/api/route/3165/stop-address.pdf,7
3166,1,206E,桃園  -  高鐵桃園站(繞開南大學)(直達車),桃園(沿途只可下車),高鐵桃園站(沿途只可上車),3166,RTY,,,RG,http://ebus.tycg.gov.tw/cms/api/route/3166/map/2118/image,http://ebus.tycg.gov.tw/cms/api/route/3166/stop-address.pdf,7
208,4,208,捷運高鐵桃園站 - 八德,捷運高鐵桃園站,八德,208,RTY,,,RG,http://ebus.tycg.gov.tw/cms/api/route/208/map/2095/image,http://ebus.tycg.gov.tw/cms/api/route/208/stop-address.pdf,6
2081,4,208A,捷運高鐵桃園站 - 八德,捷運高鐵桃園站,八德,2081,RTY,,,RG,http://ebus.tycg.gov.tw/cms/api/route/2081/map/2096/image,http://ebus.tycg.gov.tw/cms/api/route/2081/stop-address.pdf,
2084,4,208D,捷運高鐵桃園站 - 八德,捷運高鐵桃園站,八德,2084,RTY,,,RG,http://ebus.tycg.gov.tw/cms/api/route/2084/map/2126/image,,
2120,1,212,大溪  -  龍潭,大溪,龍潭,2120,RTY,,,RG,http://ebus.tycg.gov.tw/cms/api/route/2120/map/1391/image,http://ebus.tycg.gov.tw/cms/api/route/2120/stop-address.pdf,7
2121,1,212A,大溪  -  龍潭(繞駛僑愛、埔頂、國軍醫院),大溪,龍潭,2121,RTY,,,RG,http://ebus.tycg.gov.tw/cms/api/route/2121/map/1992/image,http://ebus.tycg.gov.tw/cms/api/route/2121/stop-address.pdf,7
213,4,213,桃花園飯店  -  長庚醫院,桃花園飯店,長庚醫院,213,RTY,,,RG,http://ebus.tycg.gov.tw/cms/api/route/213/map/1221/image,http://ebus.tycg.gov.tw/cms/api/route/213/stop-address.pdf,
2200,1,220,桃園區公所  -  環狀紅線,桃園區公所,桃園區公所,2200,RTY,,,RG,http://ebus.tycg.gov.tw/cms/api/route/2200/map/1710/image,http://ebus.tycg.gov.tw/cms/api/route/2200/stop-address.pdf,
2201,1,220A,桃園區公所  -  環狀紅線(繞駛三聖宮),桃園區公所,桃園區公所,2201,RTY,,,RG,http://ebus.tycg.gov.tw/cms/api/route/2201/map/1711/image,http://ebus.tycg.gov.tw/cms/api/route/2201/stop-address.pdf,
2210,1,221,桃園區公所  -  環狀紅線(經寶山街),桃園區公所,桃園區公所,2210,RTY,,,RG,http://ebus.tycg.gov.tw/cms/api/route/2210/map/1719/image,http://ebus.tycg.gov.tw/cms/api/route/2210/stop-address.pdf,
2220,1,222,桃園區公所  -  環狀藍線(經敏盛醫院),桃園區公所,桃園區公所,2220,RTY,,,RG,http://ebus.tycg.gov.tw/cms/api/route/2220/map/1713/image,http://ebus.tycg.gov.tw/cms/api/route/2220/stop-address.pdf,
2230,1,223,桃園區公所  -  環狀藍線(經南平路),桃園區公所,桃園區公所,2230,RTY,,,RG,http://ebus.tycg.gov.tw/cms/api/route/2230/map/1714/image,http://ebus.tycg.gov.tw/cms/api/route/2230/stop-address.pdf,
2250,1,225,桃園區公所  -  後站紅線,桃園區公所,桃園區公所,2250,RTY,,,RG,http://ebus.tycg.gov.tw/cms/api/route/2250/map/2043/image,http://ebus.tycg.gov.tw/cms/api/route/2250/stop-address.pdf,
2251,1,225A,桃園區公所  -  後站紅線(繞福林街),桃園區公所,桃園區公所,2251,RTY,,,RG,http://ebus.tycg.gov.tw/cms/api/route/2251/map/2044/image,http://ebus.tycg.gov.tw/cms/api/route/2251/stop-address.pdf,
2260,1,226,桃園區公所  -  後站藍線,桃園區公所,桃園區公所,2260,RTY,,,RG,http://ebus.tycg.gov.tw/cms/api/route/2260/map/2045/image,http://ebus.tycg.gov.tw/cms/api/route/2260/stop-address.pdf,
2270,1,227,桃園區公所  -  中路紅線,桃園區公所,桃園區公所,2270,RTY,,,RG,http://ebus.tycg.gov.tw/cms/api/route/2270/map/1608/image,http://ebus.tycg.gov.tw/cms/api/route/2270/stop-address.pdf,
2271,1,227A,桃園區公所  -  中路紅線(繞龍泉六街底),桃園區公所,桃園區公所,2271,RTY,,,RG,http://ebus.tycg.gov.tw/cms/api/route/2271/map/1609/image,http://ebus.tycg.gov.tw/cms/api/route/2271/stop-address.pdf,
2280,1,228,桃園區公所  -  中路藍線,桃園區公所,桃園區公所,2280,RTY,,,RG,http://ebus.tycg.gov.tw/cms/api/route/2280/map/1636/image,http://ebus.tycg.gov.tw/cms/api/route/2280/stop-address.pdf,
2290,1,229,中壢區公所  -  外環紅線,中壢區公所,中壢區公所,6500,RTY,,,RG,http://ebus.tycg.gov.tw/cms/api/route/2290/map/1907/image,http://ebus.tycg.gov.tw/cms/api/route/2290/stop-address.pdf,
2300,1,230,中壢區公所  -  外環藍線,中壢區公所,中壢區公所,2300,RTY,,,RG,http://ebus.tycg.gov.tw/cms/api/route/2300/map/1908/image,http://ebus.tycg.gov.tw/cms/api/route/2300/stop-address.pdf,
2310,1,231,中壢區公所  -  龍岡綠線,中壢區公所,中壢區公所,2310,RTY,,,RG,http://ebus.tycg.gov.tw/cms/api/route/2310/map/1459/image,http://ebus.tycg.gov.tw/cms/api/route/2310/stop-address.pdf,
2311,1,231A,中壢區公所  -  龍岡綠線(繞興仁路),中壢區公所,中壢區公所,2311,RTY,,,RG,http://ebus.tycg.gov.tw/cms/api/route/2311/map/1460/image,http://ebus.tycg.gov.tw/cms/api/route/2311/stop-address.pdf,
2320,1,232,中壢區公所  -  龍岡棕線,中壢區公所,中壢區公所,2320,RTY,,,RG,http://ebus.tycg.gov.tw/cms/api/route/2320/map/1461/image,http://ebus.tycg.gov.tw/cms/api/route/2320/stop-address.pdf,
2321,1,232A,中壢區公所  -  龍岡棕線(繞興仁路),中壢區公所,中壢區公所,2321,RTY,,,RG,http://ebus.tycg.gov.tw/cms/api/route/2321/map/1462/image,http://ebus.tycg.gov.tw/cms/api/route/2321/stop-address.pdf,
2330,1,233,平鎮區公所  -  山子頂紅線,平鎮區公所,平鎮區公所,2330,RTY,,,RG,http://ebus.tycg.gov.tw/cms/api/route/2330/map/1463/image,http://ebus.tycg.gov.tw/cms/api/route/2330/stop-address.pdf,
2350,1,235,平鎮區公所  -  山子頂藍線,平鎮區公所,平鎮區公所,2350,RTY,,,RG,http://ebus.tycg.gov.tw/cms/api/route/2350/map/1464/image,http://ebus.tycg.gov.tw/cms/api/route/2350/stop-address.pdf,
2360,1,236,龜山區公所  -  兔坑紅線,龜山區公所,龜山區公所,2360,RTY,,,RG,http://ebus.tycg.gov.tw/cms/api/route/2360/map/2013/image,http://ebus.tycg.gov.tw/cms/api/route/2360/stop-address.pdf,
2370,1,237,龜山區公所  -  兔坑藍線,龜山區公所,龜山區公所,2370,RTY,,,RG,http://ebus.tycg.gov.tw/cms/api/route/2370/map/2014/image,http://ebus.tycg.gov.tw/cms/api/route/2370/stop-address.pdf,
2380,1,238,紅土厝  -  長庚醫院桃園分院,紅土厝,長庚桃園分院,2380,RTY,,,RG,http://ebus.tycg.gov.tw/cms/api/route/2380/map/1800/image,http://ebus.tycg.gov.tw/cms/api/route/2380/stop-address.pdf,
2390,1,239,龍潭 - 北水局,龍潭,北水局,2390,RTY,,,RG,http://ebus.tycg.gov.tw/cms/api/route/2390/map/2032/image,http://ebus.tycg.gov.tw/cms/api/route/2390/stop-address.pdf,
2510,8,251,職訓中心  -  雙榮親子館,職訓中心,雙榮親子館,251,RTY,,,RG,http://ebus.tycg.gov.tw/cms/api/route/2510/map/2009/image,http://ebus.tycg.gov.tw/cms/api/route/2510/stop-address.pdf,
2520,8,252,楊梅行政園區  -  光裕北街,楊梅行政園區,光裕北街,252,RTY,,,RG,http://ebus.tycg.gov.tw/cms/api/route/2520/map/2026/image,http://ebus.tycg.gov.tw/cms/api/route/2520/stop-address.pdf,
2521,8,252A,楊梅行政園區  -  光裕北街(繞駛怡仁醫院),楊梅行政園區,光裕北街,252A,RTY,,,RG,http://ebus.tycg.gov.tw/cms/api/route/2521/map/2027/image,http://ebus.tycg.gov.tw/cms/api/route/2521/stop-address.pdf,
2530,8,253,雅典社區  -  埔心後火車站,雅典社區,埔心後火車站,2530,RTY,,,RG,http://ebus.tycg.gov.tw/cms/api/route/2530/map/2028/image,http://ebus.tycg.gov.tw/cms/api/route/2530/stop-address.pdf,
2610,1,261,桃園火車站 - 銘傳大學,桃園火車站,銘傳大學,,RTY,,,RG,http://ebus.tycg.gov.tw/cms/api/route/2610/map/1873/image,http://ebus.tycg.gov.tw/cms/api/route/2610/stop-address.pdf,
2620,1,262,捷運迴龍站 - 銘傳大學,銘傳大學,捷運迴龍站,,RTY,,,RG,http://ebus.tycg.gov.tw/cms/api/route/2620/map/1874/image,http://ebus.tycg.gov.tw/cms/api/route/2620/stop-address.pdf,
2630,1,263,大溪 - 恩主公醫院,大溪,恩主公醫院,,RTY,,,RG,http://ebus.tycg.gov.tw/cms/api/route/2630/map/1819/image,,
2650,1,265,桃園  -  鶯歌火車站,桃園巨蛋,鶯歌火車站,2650,RTY,,,RG,http://ebus.tycg.gov.tw/cms/api/route/2650/map/2093/image,,
2653,1,265C,桃園  -  鶯歌火車站(繞駛鳳鳴火車站),桃園巨蛋,鶯歌火車站,2653,RTY,,,RG,http://ebus.tycg.gov.tw/cms/api/route/2653/map/2135/image,,
3550,1,301,桃園  -  楊梅,桃園巨蛋,楊梅火車站,3550,RTY,,,RG,http://ebus.tycg.gov.tw/cms/api/route/3550/map/1335/image,http://ebus.tycg.gov.tw/cms/api/route/3550/stop-address.pdf,7
3551,1,301A,龜山  -  楊梅,壽山高中,楊梅火車站,3551,RTY,,,RG,http://ebus.tycg.gov.tw/cms/api/route/3551/map/1486/image,http://ebus.tycg.gov.tw/cms/api/route/3551/stop-address.pdf,6
302,1,302,桃園  -  高鐵桃園站(經大竹),桃園,高鐵桃園站,302,RTY,,,RG,http://ebus.tycg.gov.tw/cms/api/route/302/map/1909/image,http://ebus.tycg.gov.tw/cms/api/route/302/stop-address.pdf,
3021,1,302A,高鐵桃園站  -  蘆竹區公所,高鐵桃園站,蘆竹區公所,3021,RTY,,,RG,http://ebus.tycg.gov.tw/cms/api/route/3021/map/2119/image,http://ebus.tycg.gov.tw/cms/api/route/3021/stop-address.pdf,
3070,1,307,蘆竹區公所  -  開南大學(經南竹路),蘆竹區公所,開南大學,3070,RTY,,,RG,http://ebus.tycg.gov.tw/cms/api/route/3070/map/1394/image,http://ebus.tycg.gov.tw/cms/api/route/3070/stop-address.pdf,
3072,1,307A,蘆竹區公所  -  桃園醫院(延駛桃園醫院),蘆竹區公所,桃園醫院,3072,RTY,,,RG,http://ebus.tycg.gov.tw/cms/api/route/3072/map/1393/image,http://ebus.tycg.gov.tw/cms/api/route/3072/stop-address.pdf,
3096,1,309,銘傳大學 - 蘆竹區公所,銘傳大學,蘆竹區公所,3096,RTY,,,RG,http://ebus.tycg.gov.tw/cms/api/route/3096/map/2112/image,,
501,1,501,台灣好行大溪快線,高鐵桃園站,慈湖,501,RTY,,,RG,http://ebus.tycg.gov.tw/cms/api/route/501/map/1473/image,http://ebus.tycg.gov.tw/cms/api/route/501/stop-address.pdf,7
501,2,501,台灣好行大溪快線,高鐵桃園站,慈湖,501,RTY,,,RG,http://ebus.tycg.gov.tw/cms/api/route/501/map/1473/image,http://ebus.tycg.gov.tw/cms/api/route/501/stop-address.pdf,7
11892,1,502,台灣好行小烏來線(假日行駛),桃園,小烏來,11892,RTY,,,RG,http://ebus.tycg.gov.tw/cms/api/route/11892/map/1474/image,http://ebus.tycg.gov.tw/cms/api/route/11892/stop-address.pdf,
11894,1,502(大溪站發車),台灣好行小烏來線(大溪站發車，假日行駛),桃園,小烏來,11894,RTY,,,RG,http://ebus.tycg.gov.tw/cms/api/route/11894/map/1767/image,http://ebus.tycg.gov.tw/cms/api/route/11892/stop-address.pdf,
503,1,503,台灣好行石門水庫線(假日行駛),中壢,石門水庫,503,RTY,,,RG,http://ebus.tycg.gov.tw/cms/api/route/503/map/1818/image,http://ebus.tycg.gov.tw/cms/api/route/503/stop-address.pdf,7
505,1,505,濱海觀光公車,中壢,觀音,505,RTY,,,RG,http://ebus.tycg.gov.tw/cms/api/route/505/map/1858/image,http://ebus.tycg.gov.tw/cms/api/route/505/stop-address.pdf,
11920,1,506,台灣好行東眼山線,大溪,東眼山國家森林遊樂區,11920,RTY,,,RG,http://ebus.tycg.gov.tw/cms/api/route/11920/map/1503/image,http://ebus.tycg.gov.tw/cms/api/route/11920/stop-address.pdf,
606,1,601,內壢  -  捷運迴龍站,內壢,捷運迴龍站,606,RTY,,,RG,http://ebus.tycg.gov.tw/cms/api/route/606/map/1868/image,http://ebus.tycg.gov.tw/cms/api/route/606/stop-address.pdf,6
606,2,601,內壢  -  捷運迴龍站,內壢,捷運迴龍站,606,RTY,,,RG,http://ebus.tycg.gov.tw/cms/api/route/606/map/1868/image,http://ebus.tycg.gov.tw/cms/api/route/606/stop-address.pdf,6
6030,9,603,長庚大學  -  捷運丹鳳站,長庚大學,捷運丹鳳站,6030,RTY,,,RG,http://ebus.tycg.gov.tw/cms/api/route/6030/map/1926/image,http://ebus.tycg.gov.tw/cms/api/route/6030/stop-address.pdf,
6060,9,606,大坪頂循環線,捷運體育大學站,捷運體育大學站,,RTY,,,RG,http://ebus.tycg.gov.tw/cms/api/route/6060/map/1815/image,,
6052,9,607,長庚醫院 - 迴龍(經青山路),長庚醫院,迴龍,,RTY,,,RG,http://ebus.tycg.gov.tw/cms/api/route/6052/map/1808/image,http://ebus.tycg.gov.tw/cms/api/route/6052/stop-address.pdf,
6080,9,608,樹林保安街  -  桃園大有路,潭底,民光東路,6080,RTY,,,RG,http://ebus.tycg.gov.tw/cms/api/route/6080/map/1976/image,,
7010,1,701,國軍桃園總醫院  -  桃園長庚轉運站,國軍桃園總醫院,桃園長庚轉運站,7010,RTY,,,RG,http://ebus.tycg.gov.tw/cms/api/route/7010/map/1406/image,http://ebus.tycg.gov.tw/cms/api/route/7010/stop-address.pdf,
7010,2,701,國軍桃園總醫院  -  桃園長庚轉運站,國軍桃園總醫院,桃園長庚轉運站,7010,RTY,,,RG,http://ebus.tycg.gov.tw/cms/api/route/7010/map/1406/image,http://ebus.tycg.gov.tw/cms/api/route/7010/stop-address.pdf,
7011,1,701A,國軍桃園總醫院  -  中壢,國軍桃園總醫院,中壢,7010,RTY,,,RG,http://ebus.tycg.gov.tw/cms/api/route/7011/map/1586/image,http://ebus.tycg.gov.tw/cms/api/route/7011/stop-address.pdf,
7020,1,702,大溪  -  桃園長庚轉運站,大溪總站,桃園長庚轉運站,7020,RTY,,,RG,http://ebus.tycg.gov.tw/cms/api/route/7020/map/1510/image,http://ebus.tycg.gov.tw/cms/api/route/7020/stop-address.pdf,
7020,2,702,大溪  -  桃園長庚轉運站,大溪總站,桃園長庚轉運站,7020,RTY,,,RG,http://ebus.tycg.gov.tw/cms/api/route/7020/map/1510/image,http://ebus.tycg.gov.tw/cms/api/route/7020/stop-address.pdf,
703,6,703,竹圍  -  中壢,竹圍,中壢,703,RTY,,,RG,http://ebus.tycg.gov.tw/cms/api/route/703/map/1807/image,http://ebus.tycg.gov.tw/cms/api/route/703/stop-address.pdf,
706,4,706,桃園火車站  -  桃園國際機場,桃園火車站,桃園國際機場,7060,RTY,,,RG,http://ebus.tycg.gov.tw/cms/api/route/706/map/1487/image,http://ebus.tycg.gov.tw/cms/api/route/706/stop-address.pdf,7
7061,4,706A,桃園火車站  -  桃園國際機場,桃園火車站,桃園國際機場,7061,RTY,,,RG,http://ebus.tycg.gov.tw/cms/api/route/7061/map/1488/image,http://ebus.tycg.gov.tw/cms/api/route/7061/stop-address.pdf,7
7062,4,706B,桃園國際機場  -  桃園火車站,桃園國際機場,桃園火車站,7062,RTY,,,RG,http://ebus.tycg.gov.tw/cms/api/route/7062/map/1489/image,http://ebus.tycg.gov.tw/cms/api/route/7062/stop-address.pdf,7
7071,1,707,桃園  -  桃園棒球場,桃園,桃園棒球場,7071,RTY,,,RG,http://ebus.tycg.gov.tw/cms/api/route/7071/map/1519/image,http://ebus.tycg.gov.tw/cms/api/route/7071/stop-address.pdf,
708,9,708,長庚醫院 - 南崁,公西站(華亞園區),羊稠活動中心,708,RTY,,,RG,http://ebus.tycg.gov.tw/cms/api/route/708/map/1809/image,http://ebus.tycg.gov.tw/cms/api/route/708/stop-address.pdf,
7081,9,708A,長庚醫院 - 捷運山鼻站,公西站(華亞園區),捷運山鼻站,7081,RTY,,,RG,http://ebus.tycg.gov.tw/cms/api/route/7081/map/1810/image,http://ebus.tycg.gov.tw/cms/api/route/7081/stop-address.pdf,7
709,4,709,平鎮 - 永寧轉運站,平鎮分局,永寧轉運站,709,RTY,,,RG,http://ebus.tycg.gov.tw/cms/api/route/709/map/2090/image,http://ebus.tycg.gov.tw/cms/api/route/709/stop-address.pdf,7
709,3,709,平鎮 - 永寧轉運站,平鎮分局,永寧轉運站,709,RTY,,,RG,http://ebus.tycg.gov.tw/cms/api/route/709/map/2090/image,http://ebus.tycg.gov.tw/cms/api/route/709/stop-address.pdf,7
7091,4,709A,龍潭 - 永寧轉運站,龍潭,永寧轉運站,7091,RTY,,,RG,http://ebus.tycg.gov.tw/cms/api/route/7091/map/2091/image,http://ebus.tycg.gov.tw/cms/api/route/7091/stop-address.pdf,
7091,3,709A,龍潭 - 永寧轉運站,龍潭,永寧轉運站,7091,RTY,,,RG,http://ebus.tycg.gov.tw/cms/api/route/7091/map/2091/image,http://ebus.tycg.gov.tw/cms/api/route/7091/stop-address.pdf,
7092,4,709B,平鎮 - 永寧轉運站,平鎮,永寧轉運站,7092,RTY,,,RG,http://ebus.tycg.gov.tw/cms/api/route/7092/map/2092/image,http://ebus.tycg.gov.tw/cms/api/route/7092/stop-address.pdf,
7092,3,709B,平鎮 - 永寧轉運站,平鎮,永寧轉運站,7092,RTY,,,RG,http://ebus.tycg.gov.tw/cms/api/route/7092/map/2092/image,http://ebus.tycg.gov.tw/cms/api/route/7092/stop-address.pdf,
710,6,710,內柵 - 永寧轉運站,內柵,永寧轉運站,710,RTY,,,RG,http://ebus.tycg.gov.tw/cms/api/route/710/map/2074/image,http://ebus.tycg.gov.tw/cms/api/route/7102/stop-address.pdf,7
7103,6,710A,內柵 - 永寧轉運站(經仁和路永昌路),大溪,永寧轉運站,7101,RTY,,,RG,http://ebus.tycg.gov.tw/cms/api/route/7103/map/2075/image,http://ebus.tycg.gov.tw/cms/api/route/710/stop-address.pdf,7
711,1,711,中壢  -  桃園長庚轉運站(經中正藝文特區),中壢,桃園長庚轉運站,711,RTY,,,RG,http://ebus.tycg.gov.tw/cms/api/route/711/map/1696/image,http://ebus.tycg.gov.tw/cms/api/route/711/stop-address.pdf,7
712,1,712,龍潭 - 永寧轉運站,龍潭,永寧轉運站,712,RTY,,,RG,http://ebus.tycg.gov.tw/cms/api/route/712/map/2076/image,http://ebus.tycg.gov.tw/cms/api/route/712/stop-address.pdf,7
713,4,713,八德 - 永寧轉運站(經建國路和平路),建德興豐路口(G01),永寧轉運站,713,RTY,,,RG,http://ebus.tycg.gov.tw/cms/api/route/713/map/2077/image,http://ebus.tycg.gov.tw/cms/api/route/713/stop-address.pdf,
715,4,715,八德 - 永寧轉運站(經介壽路義勇街),豐德中正路口,永寧轉運站,715,RTY,,,RG,http://ebus.tycg.gov.tw/cms/api/route/715/map/2078/image,http://ebus.tycg.gov.tw/cms/api/route/715/stop-address.pdf,7
716,4,716,八德轉運站 - 永寧轉運站,八德轉運站,永寧轉運站,716,RTY,,,RG,http://ebus.tycg.gov.tw/cms/api/route/716/map/2079/image,http://ebus.tycg.gov.tw/cms/api/route/716/stop-address.pdf,
717,4,717,龍岡圓環 - 永寧轉運站,龍岡圓環,永寧轉運站,717,RTY,,,RG,http://ebus.tycg.gov.tw/cms/api/route/717/map/2080/image,http://ebus.tycg.gov.tw/cms/api/route/717/stop-address.pdf,7
7220,6,722,楊梅 - 捷運三重國小站,楊梅站,捷運三重國小站,7220,RTY,,,RG,http://ebus.tycg.gov.tw/cms/api/route/7220/map/1994/image,,
7221,6,722A,楊梅 - 捷運三重國小站,楊梅站,捷運三重國小站,7221,RTY,,,RG,http://ebus.tycg.gov.tw/cms/api/route/7221/map/1995/image,,
7230,6,723,經國轉運站-莊敬路-捷運三重國小站,經國轉運站,捷運三重國小站,7230,RTY,,,RG,http://ebus.tycg.gov.tw/cms/api/route/7230/map/2024/image,,
7231,6,723A,經國轉運站-南平路-捷運三重國小站,經國轉運站,捷運三重國小站,7231,RTY,,,RG,http://ebus.tycg.gov.tw/cms/api/route/7231/map/2025/image,,
725,4,725,龍潭 - 永寧轉運站,龍潭,永寧轉運站,725,RTY,,,RG,http://ebus.tycg.gov.tw/cms/api/route/725/map/2083/image,,7
726,4,726,八德- 高鐵桃園站(經八德轉運站),八德,高鐵桃園站,726,RTY,,,RG,http://ebus.tycg.gov.tw/cms/api/route/726/map/2129/image,,
5000,1,5000,桃園  -  至善高中(經大溪),桃客總站,至善高中,5000,RTY,,,RG,http://ebus.tycg.gov.tw/cms/api/route/5000/map/1958/image,http://ebus.tycg.gov.tw/cms/api/route/5000/stop-address.pdf,
5006,1,5006,中壢  -  高山下,中壢車站,高山下,5006,RTY,,,RG,http://ebus.tycg.gov.tw/cms/api/route/5006/map/2003/image,http://ebus.tycg.gov.tw/cms/api/route/5006/stop-address.pdf,
5008,1,5008,桃園  -  中壢(經龍岡),桃客總站,中壢車站,5008,RTY,,,RG,http://ebus.tycg.gov.tw/cms/api/route/5008/map/2084/image,http://ebus.tycg.gov.tw/cms/api/route/5008/stop-address.pdf,
5009,1,5009,桃園  -  捷運泰山貴和站,桃花園飯店,捷運泰山貴和站(貴陽街),5009,RTY,,,RG,http://ebus.tycg.gov.tw/cms/api/route/5009/map/1803/image,http://ebus.tycg.gov.tw/cms/api/route/5009/stop-address.pdf,6
5009,9,5009,桃園  -  捷運泰山貴和站,桃花園飯店,捷運泰山貴和站(貴陽街),5009,RTY,,,RG,http://ebus.tycg.gov.tw/cms/api/route/5009/map/1803/image,http://ebus.tycg.gov.tw/cms/api/route/5009/stop-address.pdf,6
5010,1,5010,桃園  -  中壢(經仁美、八德),桃客總站,中壢車站,5010,RTY,,,RG,http://ebus.tycg.gov.tw/cms/api/route/5010/map/2086/image,http://ebus.tycg.gov.tw/cms/api/route/5010/stop-address.pdf,
5011,1,5011,桃園  -  中壢(經竹巷),桃客總站,中壢車站,5011,RTY,,,RG,http://ebus.tycg.gov.tw/cms/api/route/5011/map/2087/image,http://ebus.tycg.gov.tw/cms/api/route/5011/stop-address.pdf,
5014,1,5014,桃園  -  捷運山鼻站,今日飯店,捷運山鼻站,5014,RTY,,,RG,http://ebus.tycg.gov.tw/cms/api/route/5014/map/1317/image,http://ebus.tycg.gov.tw/cms/api/route/5014/stop-address.pdf,
3136,1,5014A,桃園  -  捷運山鼻站(延駛山腳),今日飯店,山腳,3136,RTY,,,RG,http://ebus.tycg.gov.tw/cms/api/route/3136/map/1318/image,http://ebus.tycg.gov.tw/cms/api/route/3136/stop-address.pdf,
5015,1,5015,桃園  -  大園(經南崁),今日飯店,大園車站,5015,RTY,,,RG,http://ebus.tycg.gov.tw/cms/api/route/5015/map/1319/image,http://ebus.tycg.gov.tw/cms/api/route/5015/stop-address.pdf,
5016,1,5016,桃園  -  竹圍(經山腳),今日飯店,竹圍站,5016,RTY,,,RG,http://ebus.tycg.gov.tw/cms/api/route/5016/map/1615/image,http://ebus.tycg.gov.tw/cms/api/route/5016/stop-address.pdf,
5017,1,5017,中壢  -  竹圍(經楊厝),中壢車站,竹圍站,5017,RTY,,,RG,http://ebus.tycg.gov.tw/cms/api/route/5017/map/1056/image,http://ebus.tycg.gov.tw/cms/api/route/5017/stop-address.pdf,
5018,1,5018,桃園  -  水尾(經蘆竹),桃花園飯店,水尾,5018,RTY,,,RG,http://ebus.tycg.gov.tw/cms/api/route/5018/map/1039/image,http://ebus.tycg.gov.tw/cms/api/route/5018/stop-address.pdf,
5019,1,5019,桃園  -  沙崙(經蘆竹),桃花園飯店,沙崙,5019,RTY,,,RG,http://ebus.tycg.gov.tw/cms/api/route/5019/map/1040/image,http://ebus.tycg.gov.tw/cms/api/route/5019/stop-address.pdf,
5020,1,5020,桃園  -  下福,今日飯店,下福,5020,RTY,,,RG,http://ebus.tycg.gov.tw/cms/api/route/5020/map/1616/image,http://ebus.tycg.gov.tw/cms/api/route/5020/stop-address.pdf,
5021,1,5021,桃園  -  下海湖,今日飯店,下海湖,5021,RTY,,,RG,http://ebus.tycg.gov.tw/cms/api/route/5021/map/1617/image,http://ebus.tycg.gov.tw/cms/api/route/5021/stop-address.pdf,
5022,1,5022,桃園  -  竹圍(經南崁),今日飯店,竹圍站,5022,RTY,,,RG,http://ebus.tycg.gov.tw/cms/api/route/5022/map/1323/image,http://ebus.tycg.gov.tw/cms/api/route/5022/stop-address.pdf,7
50221,1,5022A,桃園  -  竹圍(經南崁)[繞駛捷運坑口站],今日飯店,竹圍站,5022,RTY,,,RG,http://ebus.tycg.gov.tw/cms/api/route/50221/map/1324/image,http://ebus.tycg.gov.tw/cms/api/route/50221/stop-address.pdf,7
5023,1,5023,桃園  -  大園(經楊厝),今日飯店,大園車站,5023,RTY,,,RG,http://ebus.tycg.gov.tw/cms/api/route/5023/map/1520/image,http://ebus.tycg.gov.tw/cms/api/route/5023/stop-address.pdf,
5025,1,5025,中壢  -  新屋(經藍埔),中壢總站,新屋站,5025,RTY,,,RG,http://ebus.tycg.gov.tw/cms/api/route/5025/map/1878/image,http://ebus.tycg.gov.tw/cms/api/route/5025/stop-address.pdf,
5026,1,5026,中壢  -  新坡(經富源),中壢車站,觀音高中,5026,RTY,,,RG,http://ebus.tycg.gov.tw/cms/api/route/5026/map/1859/image,http://ebus.tycg.gov.tw/cms/api/route/5026/stop-address.pdf,
5027,1,5027,中壢  -  後湖,中壢車站,後湖,5027,RTY,,,RG,http://ebus.tycg.gov.tw/cms/api/route/5027/map/1860/image,http://ebus.tycg.gov.tw/cms/api/route/5027/stop-address.pdf,
50271,1,5027A,中壢  -  後湖[繞駛永安漁港],中壢車站,後湖,50271,RTY,,,RG,http://ebus.tycg.gov.tw/cms/api/route/50271/map/1861/image,http://ebus.tycg.gov.tw/cms/api/route/50271/stop-address.pdf,
5028,1,5028,新屋  -  下北湖,新屋站,下北湖,5028,RTY,,,RG,http://ebus.tycg.gov.tw/cms/api/route/5028/map/81/image,http://ebus.tycg.gov.tw/cms/api/route/5028/stop-address.pdf,
5030,1,5030,中壢  -  下北湖,中壢車站,下北湖,5030,RTY,,,RG,http://ebus.tycg.gov.tw/cms/api/route/5030/map/1862/image,http://ebus.tycg.gov.tw/cms/api/route/5030/stop-address.pdf,
5031,1,5031,中壢  -  蚵間里福興宮(經新屋),中壢車站,蚵間里福興宮,5031,RTY,,,RG,http://ebus.tycg.gov.tw/cms/api/route/5031/map/2002/image,http://ebus.tycg.gov.tw/cms/api/route/5031/stop-address.pdf,
5032,1,5032,中壢  -  觀音(經石磊),中壢車站,觀音站,5032,RTY,,,RG,http://ebus.tycg.gov.tw/cms/api/route/5032/map/1864/image,http://ebus.tycg.gov.tw/cms/api/route/5032/stop-address.pdf,
5033,1,5033,中壢  -  觀音(經保生),中壢車站,觀音站,5033,RTY,,,RG,http://ebus.tycg.gov.tw/cms/api/route/5033/map/1865/image,http://ebus.tycg.gov.tw/cms/api/route/5033/stop-address.pdf,
5035,1,5035,中壢  -  新屋(經過嶺),中壢車站,新屋站,5035,RTY,,,RG,http://ebus.tycg.gov.tw/cms/api/route/5035/map/1866/image,http://ebus.tycg.gov.tw/cms/api/route/5035/stop-address.pdf,7
5038,1,5038,中壢  -  東福園(經山東),中壢總站,東福園,5038,RTY,,,RG,http://ebus.tycg.gov.tw/cms/api/route/5038/map/2004/image,http://ebus.tycg.gov.tw/cms/api/route/5038/stop-address.pdf,
5039,1,5039,中壢  -  中壢(經觀音、永安),中壢總站(右線),中壢總站(左線),5039,RTY,,,RG,http://ebus.tycg.gov.tw/cms/api/route/5039/map/1867/image,http://ebus.tycg.gov.tw/cms/api/route/5039/stop-address.pdf,
5040,1,5040,桃園  -  觀音(經中厝),桃花園飯店,觀音站,5040,RTY,,,RG,http://ebus.tycg.gov.tw/cms/api/route/5040/map/2038/image,http://ebus.tycg.gov.tw/cms/api/route/5040/stop-address.pdf,
50401,1,5040A,桃園  -  觀音(經中厝、大園國中),桃花園飯店,觀音站,50401,RTY,,,RG,http://ebus.tycg.gov.tw/cms/api/route/50401/map/2040/image,http://ebus.tycg.gov.tw/cms/api/route/50401/stop-address.pdf,
50402,1,5040B,桃園  -  觀音(經中厝、開南大學),桃花園飯店,觀音站,50402,RTY,,,RG,http://ebus.tycg.gov.tw/cms/api/route/50402/map/2039/image,http://ebus.tycg.gov.tw/cms/api/route/50402/stop-address.pdf,
5041,1,5041,中壢  -  觀音(經白玉),中壢總站,觀音站,5041,RTY,,,RG,http://ebus.tycg.gov.tw/cms/api/route/5041/map/2081/image,http://ebus.tycg.gov.tw/cms/api/route/5041/stop-address.pdf,
5042,1,5042,中壢  -  觀音(經新坡),中壢總站,觀音站,5042,RTY,,,RG,http://ebus.tycg.gov.tw/cms/api/route/5042/map/1881/image,http://ebus.tycg.gov.tw/cms/api/route/5042/stop-address.pdf,7
5043,1,5043,中壢  -  臺玻[繞駛觀音工業區],中壢總站,臺玻,5043,RTY,,,RG,http://ebus.tycg.gov.tw/cms/api/route/5043/map/2082/image,http://ebus.tycg.gov.tw/cms/api/route/5043/stop-address.pdf,
50431,1,5043A,中壢  -  觀音[繞駛觀音],中壢總站,觀音站,50431,RTY,,,RG,http://ebus.tycg.gov.tw/cms/api/route/50431/map/2034/image,http://ebus.tycg.gov.tw/cms/api/route/50431/stop-address.pdf,
5044,1,5044,桃園  -  龍潭(經十一份),桃客總站,龍潭站,5044,RTY,,,RG,http://ebus.tycg.gov.tw/cms/api/route/5044/map/2136/image,http://ebus.tycg.gov.tw/cms/api/route/5044/stop-address.pdf,
5048,1,5048,龍潭  -  石門水庫(經十一份),龍潭新站,溪洲公園,5048,RTY,,,RG,http://ebus.tycg.gov.tw/cms/api/route/5048/map/1996/image,http://ebus.tycg.gov.tw/cms/api/route/5048/stop-address.pdf,
5049,1,5049,龍潭  -  澹園(經三角林),龍潭站,澹園,5049,RTY,,,RG,http://ebus.tycg.gov.tw/cms/api/route/5049/map/1151/image,http://ebus.tycg.gov.tw/cms/api/route/5049/stop-address.pdf,
5050,1,5050,中壢  -  石門水庫(經員樹林),中壢後火車站,溪洲公園,5050,RTY,,,RG,http://ebus.tycg.gov.tw/cms/api/route/5050/map/2137/image,http://ebus.tycg.gov.tw/cms/api/route/5050/stop-address.pdf,
50501,1,5050A,石門水庫  -  龍潭(經中正路),溪洲公園,龍潭,5050,RTY,,,RG,http://ebus.tycg.gov.tw/cms/api/route/50501/map/1998/image,http://ebus.tycg.gov.tw/cms/api/route/50501/stop-address.pdf,
5051,1,5051,龍潭  -  石門山登山口,龍潭站,天堂鳥社區,5051,RTY,,,RG,http://ebus.tycg.gov.tw/cms/api/route/5051/map/1999/image,http://ebus.tycg.gov.tw/cms/api/route/5051/stop-address.pdf,
5053,1,5053,桃園  -  龍潭(經九龍里),桃客總站,龍潭站,5053,RTY,,,RG,http://ebus.tycg.gov.tw/cms/api/route/5053/map/1963/image,http://ebus.tycg.gov.tw/cms/api/route/5053/stop-address.pdf,6
50531,1,5053A,桃園  -  龍潭(經九龍里)[繞駛國軍桃園總醫院],桃客總站,龍潭站,50531,RTY,,,RG,http://ebus.tycg.gov.tw/cms/api/route/50531/map/1555/image,http://ebus.tycg.gov.tw/cms/api/route/50531/stop-address.pdf,6
5055,1,5055,中壢  -  石門水庫(經山子頂),中壢後火車站,溪洲公園,5055,RTY,,,RG,http://ebus.tycg.gov.tw/cms/api/route/5055/map/2000/image,http://ebus.tycg.gov.tw/cms/api/route/5055/stop-address.pdf,
5056,1,5056,桃園  -  石門水庫,桃客總站,溪洲公園,5056,RTY,,,RG,http://ebus.tycg.gov.tw/cms/api/route/5056/map/2138/image,http://ebus.tycg.gov.tw/cms/api/route/5056/stop-address.pdf,
5057,1,5057,桃園  -  長庚醫院,桃園,長庚醫院,5057,RTY,,,RG,http://ebus.tycg.gov.tw/cms/api/route/5057/map/1647/image,http://ebus.tycg.gov.tw/cms/api/route/5057/stop-address.pdf,
50571,1,5057A,桃園  -  長庚醫院(繞體育大學),桃園,長庚醫院,50571,RTY,,,RG,http://ebus.tycg.gov.tw/cms/api/route/50571/map/1648/image,http://ebus.tycg.gov.tw/cms/api/route/50571/stop-address.pdf,
50572,1,5057B,桃園  -  長庚醫院(繞長庚養生村),桃園,長庚醫院,50572,RTY,,,RG,http://ebus.tycg.gov.tw/cms/api/route/50572/map/1649/image,http://ebus.tycg.gov.tw/cms/api/route/50572/stop-address.pdf,
50573,1,5057C,桃園  -  長庚醫院(繞大埔、長庚養生村),,,50573,RTY,,,RG,http://ebus.tycg.gov.tw/cms/api/route/50573/map/1650/image,http://ebus.tycg.gov.tw/cms/api/route/50573/stop-address.pdf,
5059,1,5059,桃園  -  桃園機場(經南崁),今日飯店,第一航廈,5059,RTY,,,RG,http://ebus.tycg.gov.tw/cms/api/route/5059/map/1656/image,http://ebus.tycg.gov.tw/cms/api/route/5059/stop-address.pdf,7
5060,1,5060,桃園  -  榮民之家(經更寮腳),桃客總站,榮民之家,5060,RTY,,,RG,http://ebus.tycg.gov.tw/cms/api/route/5060/map/1965/image,http://ebus.tycg.gov.tw/cms/api/route/5060/stop-address.pdf,
5061,1,5061,桃園  -  建國十九村(經大竹),桃花園飯店,建國十九村,5061,RTY,,,RG,http://ebus.tycg.gov.tw/cms/api/route/5061/map/1611/image,http://ebus.tycg.gov.tw/cms/api/route/5061/stop-address.pdf,
5063,1,5063,桃園  -  醒吾科技大學(經長庚醫院),桃園遠東百貨,醒吾科技大學,5063,RTY,,,RG,http://ebus.tycg.gov.tw/cms/api/route/5063/map/1717/image,http://ebus.tycg.gov.tw/cms/api/route/5063/stop-address.pdf,
5065,1,5065,桃園  -  體育大學(經大埔、中正運動公園),桃客總站,體育大學行政教學大樓,5065,RTY,,,RG,http://ebus.tycg.gov.tw/cms/api/route/5065/map/1651/image,http://ebus.tycg.gov.tw/cms/api/route/5065/stop-address.pdf,
5068,1,5068,桃園  -  福山宮,桃客總站,福山宮,5068,RTY,,,RG,http://ebus.tycg.gov.tw/cms/api/route/5068/map/2015/image,http://ebus.tycg.gov.tw/cms/api/route/5068/stop-address.pdf,
5069,1,5069,桃園  -  醒吾科技大學(經赤塗崎),今日飯店,醒吾科技大學,5069,RTY,,,RG,http://ebus.tycg.gov.tw/cms/api/route/5069/map/1618/image,http://ebus.tycg.gov.tw/cms/api/route/5069/stop-address.pdf,
5071,1,5071,桃園  -  醒吾科技大學(經外社),今日飯店,醒吾科技大學,5071,RTY,,,RG,http://ebus.tycg.gov.tw/cms/api/route/5071/map/1619/image,http://ebus.tycg.gov.tw/cms/api/route/5071/stop-address.pdf,
50711,1,5071A,桃園 - 頂社(經貓尾崎、赤塗崎),今日飯店,頂社,5071,RTY,,,RG,http://ebus.tycg.gov.tw/cms/api/route/50711/map/1620/image,http://ebus.tycg.gov.tw/cms/api/route/50711/stop-address.pdf,
50712,1,5071B,頂社 - 桃園(經赤塗崎、貓尾崎),頂社,復興中正路口,5071,RTY,,,RG,http://ebus.tycg.gov.tw/cms/api/route/50712/map/1604/image,http://ebus.tycg.gov.tw/cms/api/route/50712/stop-address.pdf,
5073,1,5073,桃園  -  頂社,今日飯店,頂社,5073,RTY,,,RG,http://ebus.tycg.gov.tw/cms/api/route/5073/map/1621/image,http://ebus.tycg.gov.tw/cms/api/route/5073/stop-address.pdf,
50731,1,5073A,頂社 - 桃園(繞山腳國中),頂社,復興北站,5073,RTY,,,RG,http://ebus.tycg.gov.tw/cms/api/route/50731/map/1716/image,http://ebus.tycg.gov.tw/cms/api/route/50731/stop-address.pdf,
5077,1,5077,中壢  -  大園(經柴梳崙),中壢總站,捷運大園站,5077,RTY,,,RG,http://ebus.tycg.gov.tw/cms/api/route/5077/map/1884/image,http://ebus.tycg.gov.tw/cms/api/route/5077/stop-address.pdf,
5078,1,5078,中壢  -  陳康國小(經萬能科技大學),中壢車站,陳康國小,5078,RTY,,,RG,http://ebus.tycg.gov.tw/cms/api/route/5078/map/957/image,http://ebus.tycg.gov.tw/cms/api/route/5078/stop-address.pdf,
5081,1,5081,中壢  -  大園(經下洽溪),中壢車站,大園車站,5081,RTY,,,RG,http://ebus.tycg.gov.tw/cms/api/route/5081/map/2105/image,http://ebus.tycg.gov.tw/cms/api/route/5081/stop-address.pdf,
50811,1,5081A,中壢  -  大園(經下洽溪),中壢車站,大園車站,5081,RTY,,,RG,http://ebus.tycg.gov.tw/cms/api/route/50811/map/2106/image,http://ebus.tycg.gov.tw/cms/api/route/50811/stop-address.pdf,
5082,1,5082,中壢  -  大園(經雙溪口),中壢總站,大園車站,5082,RTY,,,RG,http://ebus.tycg.gov.tw/cms/api/route/5082/map/1885/image,http://ebus.tycg.gov.tw/cms/api/route/5082/stop-address.pdf,
5083,1,5083,捷運大園站  -  潮音,捷運大園站,潮音,5083,RTY,,,RG,http://ebus.tycg.gov.tw/cms/api/route/5083/map/129/image,http://ebus.tycg.gov.tw/cms/api/route/5083/stop-address.pdf,
5084,1,5084,捷運大園站  -  苗圃橋,捷運大園站,苗圃橋,5084,RTY,,,RG,http://ebus.tycg.gov.tw/cms/api/route/5084/map/1315/image,http://ebus.tycg.gov.tw/cms/api/route/5084/stop-address.pdf,
5085,1,5085,大園  -  沙崙,大園車站,沙崙,5085,RTY,,,RG,http://ebus.tycg.gov.tw/cms/api/route/5085/map/1314/image,http://ebus.tycg.gov.tw/cms/api/route/5085/stop-address.pdf,
5086,1,5086,大園  -  桃園(經五塊厝、開南大學),大園車站,桃花園飯店,5086,RTY,,,RG,http://ebus.tycg.gov.tw/cms/api/route/5086/map/1913/image,http://ebus.tycg.gov.tw/cms/api/route/5086/stop-address.pdf,7
50861,1,5086A,大園  -  桃園(經開南大學及捷運大園站),大園車站,桃花園飯店,50861,RTY,,,RG,http://ebus.tycg.gov.tw/cms/api/route/50861/map/1914/image,http://ebus.tycg.gov.tw/cms/api/route/50861/stop-address.pdf,7
50863,1,5086C,大園  -  桃園(經五塊厝),大園車站,桃花園飯店,5086,RTY,,,RG,http://ebus.tycg.gov.tw/cms/api/route/50863/map/1915/image,http://ebus.tycg.gov.tw/cms/api/route/5086/stop-address.pdf,
5087,1,5087,中壢 - 大園(經青埔),中壢車站,大園車站,5087,RTY,,,RG,http://ebus.tycg.gov.tw/cms/api/route/5087/map/2107/image,http://ebus.tycg.gov.tw/cms/api/route/5087/stop-address.pdf,7
50871,1,5087A,中壢 - 大園(經青埔、大園國際高中),中壢車站,大園車站,50871,RTY,,,RG,http://ebus.tycg.gov.tw/cms/api/route/50871/map/2108/image,http://ebus.tycg.gov.tw/cms/api/route/50871/stop-address.pdf,
5089,1,5089,中壢  -  桃園機場(經大園),中壢車站,第二航廈,5089,RTY,,,RG,http://ebus.tycg.gov.tw/cms/api/route/5089/map/2115/image,http://ebus.tycg.gov.tw/cms/api/route/5089/stop-address.pdf,
5090,1,5090,桃園  -  上巴陵  -  林班口(拉拉山),桃客總站,拉拉山口,5090,RTY,,,RG,http://ebus.tycg.gov.tw/cms/api/route/5090/map/1979/image,http://ebus.tycg.gov.tw/cms/api/route/5090/stop-address.pdf,
5091,1,5091,中壢  -  上巴陵  -  林班口(拉拉山),中壢後站,林班口,5091,RTY,,,RG,http://ebus.tycg.gov.tw/cms/api/route/5091/map/1980/image,http://ebus.tycg.gov.tw/cms/api/route/5091/stop-address.pdf,7
5093,1,5093,大溪  -  羅浮  -  巴陵,大溪總站,巴陵,5093,RTY,,,RG,http://ebus.tycg.gov.tw/cms/api/route/5093/map/1981/image,http://ebus.tycg.gov.tw/cms/api/route/5093/stop-address.pdf,7
5094,1,5094,大溪  -  三光(沙崙子)  -  巴陵,大溪總站,巴陵,5094,RTY,,,RG,http://ebus.tycg.gov.tw/cms/api/route/5094/map/1982/image,http://ebus.tycg.gov.tw/cms/api/route/5094/stop-address.pdf,
5096,1,5096,桃園  -  大溪(經更寮腳),桃客總站,大溪總站,5096,RTY,,,RG,http://ebus.tycg.gov.tw/cms/api/route/5096/map/1967/image,http://ebus.tycg.gov.tw/cms/api/route/5096/stop-address.pdf,7
50961,1,5096A,桃園  -  大溪(經更寮腳)[繞駛前站],桃客總站,大溪總站,50961,RTY,,,RG,http://ebus.tycg.gov.tw/cms/api/route/50961/map/1547/image,http://ebus.tycg.gov.tw/cms/api/route/50961/stop-address.pdf,7
5097,1,5097,大溪  -  竹篙厝(經美華),大溪總站,竹篙厝,5097,RTY,,,RG,http://ebus.tycg.gov.tw/cms/api/route/5097/map/143/image,http://ebus.tycg.gov.tw/cms/api/route/5097/stop-address.pdf,
5098,1,5098,中壢  -  大溪(經官路缺),中壢後站,大溪總站,5098,RTY,,,RG,http://ebus.tycg.gov.tw/cms/api/route/5098/map/693/image,http://ebus.tycg.gov.tw/cms/api/route/5098/stop-address.pdf,7
5099,1,5099,大溪  -  阿姆坪(經懷德橋),大溪總站,百吉國小,5099,RTY,,,RG,http://ebus.tycg.gov.tw/cms/api/route/5099/map/145/image,http://ebus.tycg.gov.tw/cms/api/route/5099/stop-address.pdf,
50991,1,5099A,大溪  -  阿姆坪(經懷德橋)[繞駛台7線美華地區],大溪總站,百吉國小,50991,RTY,,,RG,http://ebus.tycg.gov.tw/cms/api/route/50991/map/146/image,http://ebus.tycg.gov.tw/cms/api/route/50991/stop-address.pdf,
5101,1,5101,大溪  -  鶯歌(經中新),大溪總站,鶯歌,5101,RTY,,,RG,http://ebus.tycg.gov.tw/cms/api/route/5101/map/1916/image,http://ebus.tycg.gov.tw/cms/api/route/5101/stop-address.pdf,
5104,1,5104,大溪  -  羅浮口(經復興),大溪總站,羅浮口,5104,RTY,,,RG,http://ebus.tycg.gov.tw/cms/api/route/5104/map/2120/image,http://ebus.tycg.gov.tw/cms/api/route/5104/stop-address.pdf,
51041,1,5104A,大溪  -  羅浮口(經復興、繞霞雲里及小烏來),大溪總站,羅浮口,51041,RTY,,,RG,http://ebus.tycg.gov.tw/cms/api/route/51041/map/2121/image,http://ebus.tycg.gov.tw/cms/api/route/51041/stop-address.pdf,
51042,1,5104B,溪口台 - 大溪(經復興),溪口台,大溪總站,51042,RTY,,,RG,http://ebus.tycg.gov.tw/cms/api/route/51042/map/2122/image,http://ebus.tycg.gov.tw/cms/api/route/51042/stop-address.pdf,
5105,1,5105,大溪  -  小烏來(經三民),大溪總站,小烏來,5105,RTY,,,RG,http://ebus.tycg.gov.tw/cms/api/route/5105/map/1984/image,http://ebus.tycg.gov.tw/cms/api/route/5105/stop-address.pdf,
5106,1,5106,大溪  -  霞雲里(經復興、阿姆坪),大溪總站,霞雲里,5106,RTY,,,RG,http://ebus.tycg.gov.tw/cms/api/route/5106/map/1985/image,http://ebus.tycg.gov.tw/cms/api/route/5106/stop-address.pdf,
51061,1,5106A,霞雲里  -  大溪[經復興—羅浮地區],霞雲里,大溪總站,51061,RTY,,,RG,http://ebus.tycg.gov.tw/cms/api/route/51061/map/1591/image,http://ebus.tycg.gov.tw/cms/api/route/51061/stop-address.pdf,
51062,1,5106B,霞雲里  -  大溪[繞駛復興鄉台7線區域],霞雲里,大溪總站,51062,RTY,,,RG,http://ebus.tycg.gov.tw/cms/api/route/51062/map/1592/image,http://ebus.tycg.gov.tw/cms/api/route/51062/stop-address.pdf,
5107,1,5107,大溪  -  蝙蝠洞(經三民),大溪總站,蝙蝠洞,5107,RTY,,,RG,http://ebus.tycg.gov.tw/cms/api/route/5107/map/1117/image,http://ebus.tycg.gov.tw/cms/api/route/5107/stop-address.pdf,
51071,1,5107A,蝙蝠洞  -  大溪(經三民)[繞駛台7線阿姆坪地區及大溪高中],蝙蝠洞,大溪總站,51071,RTY,,,RG,http://ebus.tycg.gov.tw/cms/api/route/51071/map/1118/image,http://ebus.tycg.gov.tw/cms/api/route/51071/stop-address.pdf,
51072,1,5107B,大溪  -  蝙蝠洞[繞駛台7線阿姆坪地區及台7線美華地區],大溪總站,蝙蝠洞,51072,RTY,,,RG,http://ebus.tycg.gov.tw/cms/api/route/51072/map/1119/image,http://ebus.tycg.gov.tw/cms/api/route/51072/stop-address.pdf,
51073,1,5107C,大溪  -  蝙蝠洞(經三民)[繞駛台7線阿姆坪地區],大溪總站,蝙蝠洞,51073,RTY,,,RG,http://ebus.tycg.gov.tw/cms/api/route/51073/map/1120/image,http://ebus.tycg.gov.tw/cms/api/route/51073/stop-address.pdf,
5109,1,5109,大溪  -  西浪(經羅浮),大溪總站,西浪,5109,RTY,,,RG,http://ebus.tycg.gov.tw/cms/api/route/5109/map/1594/image,http://ebus.tycg.gov.tw/cms/api/route/5109/stop-address.pdf,
51091,1,5109A,大溪  -  西浪(經羅浮)[繞駛霞雲里及小烏來],大溪總站,西浪,51091,RTY,,,RG,http://ebus.tycg.gov.tw/cms/api/route/51091/map/2123/image,http://ebus.tycg.gov.tw/cms/api/route/51091/stop-address.pdf,
5110,1,5110,大溪  -  坪林,大溪總站,坪林,5110,RTY,,,RG,http://ebus.tycg.gov.tw/cms/api/route/5110/map/160/image,http://ebus.tycg.gov.tw/cms/api/route/5110/stop-address.pdf,
51101,1,5110A,大溪  -  坪林[繞駛大溪國中],大溪總站,坪林,51111,RTY,,,RG,http://ebus.tycg.gov.tw/cms/api/route/51101/map/161/image,http://ebus.tycg.gov.tw/cms/api/route/51101/stop-address.pdf,
5112,1,5112,大溪  -  中壢(經八德),大溪總站,中壢車站,5112,RTY,,,RG,http://ebus.tycg.gov.tw/cms/api/route/5112/map/1974/image,http://ebus.tycg.gov.tw/cms/api/route/5112/stop-address.pdf,
5118,1,5118,中壢  -  下內定(經萬能科技大學),中壢車站,下內定,5118,RTY,,,RG,route-map/phpRg2p5P.jpg,http://ebus.tycg.gov.tw/cms/api/route/5118/stop-address.pdf,
5301,2,5301,桃園  -  上巴陵  -  林班口(拉拉山),桃園站,拉拉山口,5301,RTY,,,RG,http://ebus.tycg.gov.tw/cms/api/route/5301/map/1929/image,http://ebus.tycg.gov.tw/cms/api/route/5301/stop-address.pdf,6
5607,5,5607,湖口  -  楊梅(經二湖),湖口站,楊梅站,5607,RTY,,,RG,http://ebus.tycg.gov.tw/cms/api/route/5607/map/1775/image,http://ebus.tycg.gov.tw/cms/api/route/5607/stop-address.pdf,7
5607,6,5607,湖口  -  楊梅(經二湖),湖口站,楊梅站,5607,RTY,,,RG,http://ebus.tycg.gov.tw/cms/api/route/5607/map/1775/image,http://ebus.tycg.gov.tw/cms/api/route/5607/stop-address.pdf,7
5616,5,5616,龍潭  -  中壢,龍潭,中壢北站,5616,RTY,,,RG,http://ebus.tycg.gov.tw/cms/api/route/5616/map/1776/image,http://ebus.tycg.gov.tw/cms/api/route/5616/stop-address.pdf,7
5616,6,5616,龍潭  -  中壢,龍潭,中壢北站,5616,RTY,,,RG,http://ebus.tycg.gov.tw/cms/api/route/5616/map/1776/image,http://ebus.tycg.gov.tw/cms/api/route/5616/stop-address.pdf,7
56161,6,5616A,龍潭  -  中壢(繞駛捷運老街溪站),龍潭,中壢,56161,RTY,,,RG,http://ebus.tycg.gov.tw/cms/api/route/56161/map/1455/image,http://ebus.tycg.gov.tw/cms/api/route/56161/stop-address.pdf,7
56162,6,5616B,龍潭  -  中壢(去程 繞駛祥安國小、捷運老街溪站),龍潭,中壢,56162,RTY,,,RG,http://ebus.tycg.gov.tw/cms/api/route/56162/map/1826/image,http://ebus.tycg.gov.tw/cms/api/route/56162/stop-address.pdf,7
56163,6,5616C,龍潭 - 中壢 ( 返程 繞駛祥安國小、捷運老街溪站),龍潭,中壢,56163,RTY,,,RG,http://ebus.tycg.gov.tw/cms/api/route/56163/map/1977/image,,7
5617,5,5617,關西  -  中壢,關西,中壢,5617,RTY,,,RG,http://ebus.tycg.gov.tw/cms/api/route/5617/map/1777/image,http://ebus.tycg.gov.tw/cms/api/route/5617/stop-address.pdf,7
5617,6,5617,關西  -  中壢,關西,中壢,5617,RTY,,,RG,http://ebus.tycg.gov.tw/cms/api/route/5617/map/1777/image,http://ebus.tycg.gov.tw/cms/api/route/5617/stop-address.pdf,7
56171,5,5617A,關西  -  中壢[經關西高中],關西,中壢,5617A,RTY,,,RG,http://ebus.tycg.gov.tw/cms/api/route/56171/map/1778/image,http://ebus.tycg.gov.tw/cms/api/route/56171/stop-address.pdf,7
56171,6,5617A,關西  -  中壢[經關西高中],關西,中壢,5617A,RTY,,,RG,http://ebus.tycg.gov.tw/cms/api/route/56171/map/1778/image,http://ebus.tycg.gov.tw/cms/api/route/56171/stop-address.pdf,7
5623,5,5623,楊梅  -  捷運環北站(經中壢車站),楊梅,捷運環北站,5623,RTY,,,RG,http://ebus.tycg.gov.tw/cms/api/route/5623/map/1779/image,http://ebus.tycg.gov.tw/cms/api/route/5623/stop-address.pdf,7
5623,6,5623,楊梅  -  捷運環北站(經中壢車站),楊梅,捷運環北站,5623,RTY,,,RG,http://ebus.tycg.gov.tw/cms/api/route/5623/map/1779/image,http://ebus.tycg.gov.tw/cms/api/route/5623/stop-address.pdf,7
56231,5,5623A,楊梅  -  中壢,楊梅,中壢,5623A,RTY,,,RG,http://ebus.tycg.gov.tw/cms/api/route/56231/map/1780/image,http://ebus.tycg.gov.tw/cms/api/route/56231/stop-address.pdf,7
56231,6,5623A,楊梅  -  中壢,楊梅,中壢,5623A,RTY,,,RG,http://ebus.tycg.gov.tw/cms/api/route/56231/map/1780/image,http://ebus.tycg.gov.tw/cms/api/route/56231/stop-address.pdf,7
56232,5,5623B,楊梅  -  捷運環北站(經中豐路),楊梅,捷運環北站,5623B,RTY,,,RG,http://ebus.tycg.gov.tw/cms/api/route/56232/map/1781/image,http://ebus.tycg.gov.tw/cms/api/route/56232/stop-address.pdf,7
56232,6,5623B,楊梅  -  捷運環北站(經中豐路),楊梅,捷運環北站,5623B,RTY,,,RG,http://ebus.tycg.gov.tw/cms/api/route/56232/map/1781/image,http://ebus.tycg.gov.tw/cms/api/route/56232/stop-address.pdf,7
5624,5,5624,中壢  -  湖口(經楊梅),中壢,湖口站,5624,RTY,,,RG,http://ebus.tycg.gov.tw/cms/api/route/5624/map/1782/image,http://ebus.tycg.gov.tw/cms/api/route/5624/stop-address.pdf,6
5624,6,5624,中壢  -  湖口(經楊梅),中壢,湖口站,5624,RTY,,,RG,http://ebus.tycg.gov.tw/cms/api/route/5624/map/1782/image,http://ebus.tycg.gov.tw/cms/api/route/5624/stop-address.pdf,6
5644,5,5644,中壢  -  頂好社區(經山子頂工業區),中壢北站,祥安國小,5644,RTY,,,RG,http://ebus.tycg.gov.tw/cms/api/route/5644/map/1783/image,http://ebus.tycg.gov.tw/cms/api/route/5644/stop-address.pdf,6
5644,6,5644,中壢  -  頂好社區(經山子頂工業區),中壢北站,祥安國小,5644,RTY,,,RG,http://ebus.tycg.gov.tw/cms/api/route/5644/map/1783/image,http://ebus.tycg.gov.tw/cms/api/route/5644/stop-address.pdf,6
5645,5,5645,中壢  -  黃泥塘,中壢總站,黃泥塘,5645,RTY,,,RG,http://ebus.tycg.gov.tw/cms/api/route/5645/map/1784/image,http://ebus.tycg.gov.tw/cms/api/route/5645/stop-address.pdf,7
5645,6,5645,中壢  -  黃泥塘,中壢總站,黃泥塘,5645,RTY,,,RG,http://ebus.tycg.gov.tw/cms/api/route/5645/map/1784/image,http://ebus.tycg.gov.tw/cms/api/route/5645/stop-address.pdf,7
5646,5,5646,中壢  -  龍潭(經隘寮頂),中壢北站,龍潭,5646,RTY,,,RG,http://ebus.tycg.gov.tw/cms/api/route/5646/map/1801/image,http://ebus.tycg.gov.tw/cms/api/route/5646/stop-address.pdf,7
5646,6,5646,中壢  -  龍潭(經隘寮頂),中壢北站,龍潭,5646,RTY,,,RG,http://ebus.tycg.gov.tw/cms/api/route/5646/map/1801/image,http://ebus.tycg.gov.tw/cms/api/route/5646/stop-address.pdf,7
5647,5,5647,龍潭  -  埔心,龍潭,埔心,5647,RTY,,,RG,http://ebus.tycg.gov.tw/cms/api/route/5647/map/1786/image,http://ebus.tycg.gov.tw/cms/api/route/5647/stop-address.pdf,7
5647,6,5647,龍潭  -  埔心,龍潭,埔心,5647,RTY,,,RG,http://ebus.tycg.gov.tw/cms/api/route/5647/map/1786/image,http://ebus.tycg.gov.tw/cms/api/route/5647/stop-address.pdf,7
5648,5,5648,龍潭  -  楊梅(經縱貫路),龍潭,楊梅站,5648,RTY,,,RG,http://ebus.tycg.gov.tw/cms/api/route/5648/map/1787/image,http://ebus.tycg.gov.tw/cms/api/route/5648/stop-address.pdf,6
5648,6,5648,龍潭  -  楊梅(經縱貫路),龍潭,楊梅站,5648,RTY,,,RG,http://ebus.tycg.gov.tw/cms/api/route/5648/map/1787/image,http://ebus.tycg.gov.tw/cms/api/route/5648/stop-address.pdf,6
5649,5,5649,龍潭  -  新屋(經楊梅),龍潭,新屋站,5649,RTY,,,RG,http://ebus.tycg.gov.tw/cms/api/route/5649/map/1788/image,http://ebus.tycg.gov.tw/cms/api/route/5649/stop-address.pdf,7
5649,6,5649,龍潭  -  新屋(經楊梅),龍潭,新屋站,5649,RTY,,,RG,http://ebus.tycg.gov.tw/cms/api/route/5649/map/1788/image,http://ebus.tycg.gov.tw/cms/api/route/5649/stop-address.pdf,7
5650,5,5650,新屋  -  楊梅,新屋站,楊梅站,5650,RTY,,,RG,http://ebus.tycg.gov.tw/cms/api/route/5650/map/1789/image,http://ebus.tycg.gov.tw/cms/api/route/5650/stop-address.pdf,7
5650,6,5650,新屋  -  楊梅,新屋站,楊梅站,5650,RTY,,,RG,http://ebus.tycg.gov.tw/cms/api/route/5650/map/1789/image,http://ebus.tycg.gov.tw/cms/api/route/5650/stop-address.pdf,7
56501,5,5650A,新屋  -  楊梅(繞行新屋高中),新屋站,楊梅站,56501,RTY,,,RG,http://ebus.tycg.gov.tw/cms/api/route/56501/map/1790/image,http://ebus.tycg.gov.tw/cms/api/route/56501/stop-address.pdf,7
56501,6,5650A,新屋  -  楊梅(繞行新屋高中),新屋站,楊梅站,56501,RTY,,,RG,http://ebus.tycg.gov.tw/cms/api/route/56501/map/1790/image,http://ebus.tycg.gov.tw/cms/api/route/56501/stop-address.pdf,7
5651,5,5651,中壢  -  北高榮(經埔心),中壢北站,高榮,5651,RTY,,,RG,http://ebus.tycg.gov.tw/cms/api/route/5651/map/1791/image,http://ebus.tycg.gov.tw/cms/api/route/5651/stop-address.pdf,7
5651,6,5651,中壢  -  北高榮(經埔心),中壢北站,高榮,5651,RTY,,,RG,http://ebus.tycg.gov.tw/cms/api/route/5651/map/1791/image,http://ebus.tycg.gov.tw/cms/api/route/5651/stop-address.pdf,7
56511,5,5651A,中壢  -  北高榮(經埔心)[繞駛比佛利],中壢北站,高榮,56511,RTY,,,RG,http://ebus.tycg.gov.tw/cms/api/route/56511/map/1792/image,http://ebus.tycg.gov.tw/cms/api/route/56511/stop-address.pdf,7
56511,6,5651A,中壢  -  北高榮(經埔心)[繞駛比佛利],中壢北站,高榮,56511,RTY,,,RG,http://ebus.tycg.gov.tw/cms/api/route/56511/map/1792/image,http://ebus.tycg.gov.tw/cms/api/route/56511/stop-address.pdf,7
5652,5,5652,楊梅  -  東流里,楊梅站,梅園,5652,RTY,,,RG,http://ebus.tycg.gov.tw/cms/api/route/5652/map/1793/image,http://ebus.tycg.gov.tw/cms/api/route/5652/stop-address.pdf,7
5652,6,5652,楊梅  -  東流里,楊梅站,梅園,5652,RTY,,,RG,http://ebus.tycg.gov.tw/cms/api/route/5652/map/1793/image,http://ebus.tycg.gov.tw/cms/api/route/5652/stop-address.pdf,7
5653,5,5653,中壢  -  六福村(經車頭),中壢北站,六福村,5653,RTY,,,RG,http://ebus.tycg.gov.tw/cms/api/route/5653/map/1794/image,http://ebus.tycg.gov.tw/cms/api/route/5653/stop-address.pdf,7
5653,6,5653,中壢  -  六福村(經車頭),中壢北站,六福村,5653,RTY,,,RG,http://ebus.tycg.gov.tw/cms/api/route/5653/map/1794/image,http://ebus.tycg.gov.tw/cms/api/route/5653/stop-address.pdf,7
5654,5,5654,中壢  -  新屋(經楊梅),中壢北站,新屋站,5654,RTY,,,RG,http://ebus.tycg.gov.tw/cms/api/route/5654/map/1795/image,http://ebus.tycg.gov.tw/cms/api/route/5654/stop-address.pdf,6
5654,6,5654,中壢  -  新屋(經楊梅),中壢北站,新屋站,5654,RTY,,,RG,http://ebus.tycg.gov.tw/cms/api/route/5654/map/1795/image,http://ebus.tycg.gov.tw/cms/api/route/5654/stop-address.pdf,6
5671,5,5671,中壢  -  國軍桃園總醫院(經龍潭),中壢北站,國軍桃園總醫院,5671,RTY,,,RG,http://ebus.tycg.gov.tw/cms/api/route/5671/map/1796/image,http://ebus.tycg.gov.tw/cms/api/route/5671/stop-address.pdf,7
5671,6,5671,中壢  -  國軍桃園總醫院(經龍潭),中壢北站,國軍桃園總醫院,5671,RTY,,,RG,http://ebus.tycg.gov.tw/cms/api/route/5671/map/1796/image,http://ebus.tycg.gov.tw/cms/api/route/5671/stop-address.pdf,7
5672,5,5672,中壢  -  國軍桃園總醫院(經黃泥塘),中壢北站,國軍桃園總醫院,5672,RTY,,,RG,http://ebus.tycg.gov.tw/cms/api/route/5672/map/1797/image,http://ebus.tycg.gov.tw/cms/api/route/5672/stop-address.pdf,7
5672,6,5672,中壢  -  國軍桃園總醫院(經黃泥塘),中壢北站,國軍桃園總醫院,5672,RTY,,,RG,http://ebus.tycg.gov.tw/cms/api/route/5672/map/1797/image,http://ebus.tycg.gov.tw/cms/api/route/5672/stop-address.pdf,7
5674,5,5674,中壢  -  金雞湖(經東勢),中壢北站,金雞湖,5674,RTY,,,RG,http://ebus.tycg.gov.tw/cms/api/route/5674/map/1798/image,http://ebus.tycg.gov.tw/cms/api/route/5674/stop-address.pdf,
5674,6,5674,中壢  -  金雞湖(經東勢),中壢北站,金雞湖,5674,RTY,,,RG,http://ebus.tycg.gov.tw/cms/api/route/5674/map/1798/image,http://ebus.tycg.gov.tw/cms/api/route/5674/stop-address.pdf,
8050,1,L110,埔子紅線,桃園區公所,桃園區公所,8050,免費巴士,,,桃園,http://ebus.tycg.gov.tw/cms/api/route/8050/map/1612/image,http://ebus.tycg.gov.tw/cms/api/route/8050/stop-address.pdf,2
8040,1,L111,埔子藍線,桃園區公所,桃園區公所,8040,免費巴士,,,桃園,http://ebus.tycg.gov.tw/cms/api/route/8040/map/1613/image,http://ebus.tycg.gov.tw/cms/api/route/8040/stop-address.pdf,2
6910,1,L112,府前線,桃園市政府,桃園火車站,6910,免費巴士,,,桃園,http://ebus.tycg.gov.tw/cms/api/route/6910/map/359/image,http://ebus.tycg.gov.tw/cms/api/route/6910/stop-address.pdf,2
51130,1,L113,紅線,深耕十期社區,深耕十期社區,51130,免費巴士,,,八德,http://ebus.tycg.gov.tw/cms/api/route/51130/map/975/image,http://ebus.tycg.gov.tw/cms/api/route/51130/stop-address.pdf,2
51130,6,L113,紅線,深耕十期社區,深耕十期社區,51130,免費巴士,,,八德,http://ebus.tycg.gov.tw/cms/api/route/51130/map/975/image,http://ebus.tycg.gov.tw/cms/api/route/51130/stop-address.pdf,2
51150,1,L115,紅甲線,深耕十期社區,深耕十期社區,51150,免費巴士,,,八德,http://ebus.tycg.gov.tw/cms/api/route/51150/map/976/image,http://ebus.tycg.gov.tw/cms/api/route/51150/stop-address.pdf,2
51150,6,L115,紅甲線,深耕十期社區,深耕十期社區,51150,免費巴士,,,八德,http://ebus.tycg.gov.tw/cms/api/route/51150/map/976/image,http://ebus.tycg.gov.tw/cms/api/route/51150/stop-address.pdf,2
51160,1,L116,藍線,深耕十期社區,深耕十期社區,51160,免費巴士,,,八德,http://ebus.tycg.gov.tw/cms/api/route/51160/map/977/image,http://ebus.tycg.gov.tw/cms/api/route/51160/stop-address.pdf,2
51160,6,L116,藍線,深耕十期社區,深耕十期社區,51160,免費巴士,,,八德,http://ebus.tycg.gov.tw/cms/api/route/51160/map/977/image,http://ebus.tycg.gov.tw/cms/api/route/51160/stop-address.pdf,2
51170,1,L117,藍乙線,深耕十期社區,深耕十期社區,51170,免費巴士,,,八德,http://ebus.tycg.gov.tw/cms/api/route/51170/map/978/image,http://ebus.tycg.gov.tw/cms/api/route/51170/stop-address.pdf,2
51170,6,L117,藍乙線,深耕十期社區,深耕十期社區,51170,免費巴士,,,八德,http://ebus.tycg.gov.tw/cms/api/route/51170/map/978/image,http://ebus.tycg.gov.tw/cms/api/route/51170/stop-address.pdf,2
51180,1,L118,紫線,深耕十期社區,深耕十期社區,51180,免費巴士,,,八德,http://ebus.tycg.gov.tw/cms/api/route/51180/map/980/image,http://ebus.tycg.gov.tw/cms/api/route/51180/stop-address.pdf,2
51180,6,L118,紫線,深耕十期社區,深耕十期社區,51180,免費巴士,,,八德,http://ebus.tycg.gov.tw/cms/api/route/51180/map/980/image,http://ebus.tycg.gov.tw/cms/api/route/51180/stop-address.pdf,2
51190,1,L119,紫線,深耕十期社區,深耕十期社區,51190,免費巴士,,,八德,http://ebus.tycg.gov.tw/cms/api/route/51190/map/979/image,http://ebus.tycg.gov.tw/cms/api/route/51190/stop-address.pdf,2
51190,6,L119,紫線,深耕十期社區,深耕十期社區,51190,免費巴士,,,八德,http://ebus.tycg.gov.tw/cms/api/route/51190/map/979/image,http://ebus.tycg.gov.tw/cms/api/route/51190/stop-address.pdf,2
51200,1,L120,綠線,深耕十期社區,深耕十期社區,51200,免費巴士,,,八德,http://ebus.tycg.gov.tw/cms/api/route/51200/map/981/image,http://ebus.tycg.gov.tw/cms/api/route/51200/stop-address.pdf,2
51200,6,L120,綠線,深耕十期社區,深耕十期社區,51200,免費巴士,,,八德,http://ebus.tycg.gov.tw/cms/api/route/51200/map/981/image,http://ebus.tycg.gov.tw/cms/api/route/51200/stop-address.pdf,2
51210,1,L121,綠線,深耕十期社區,深耕十期社區,51210,免費巴士,,,八德,http://ebus.tycg.gov.tw/cms/api/route/51210/map/982/image,http://ebus.tycg.gov.tw/cms/api/route/51210/stop-address.pdf,2
51210,6,L121,綠線,深耕十期社區,深耕十期社區,51210,免費巴士,,,八德,http://ebus.tycg.gov.tw/cms/api/route/51210/map/982/image,http://ebus.tycg.gov.tw/cms/api/route/51210/stop-address.pdf,2
6540,1,L206,大崙橘線,中壢區公所,中壢區公所,6540,免費巴士,,,中壢,http://ebus.tycg.gov.tw/cms/api/route/6540/map/1899/image,http://ebus.tycg.gov.tw/cms/api/route/6540/stop-address.pdf,2
6540,24,L206,大崙橘線,中壢區公所,中壢區公所,6540,免費巴士,,,中壢,http://ebus.tycg.gov.tw/cms/api/route/6540/map/1899/image,http://ebus.tycg.gov.tw/cms/api/route/6540/stop-address.pdf,2
6541,1,L206A,大崙橘線,中壢區公所,中壢區公所,6541,免費巴士,,,中壢,http://ebus.tycg.gov.tw/cms/api/route/6541/map/2097/image,http://ebus.tycg.gov.tw/cms/api/route/6541/stop-address.pdf,2
6541,24,L206A,大崙橘線,中壢區公所,中壢區公所,6541,免費巴士,,,中壢,http://ebus.tycg.gov.tw/cms/api/route/6541/map/2097/image,http://ebus.tycg.gov.tw/cms/api/route/6541/stop-address.pdf,2
6550,1,L207,大崙紫線,中壢區公所,中壢區公所,6550,免費巴士,,,中壢,http://ebus.tycg.gov.tw/cms/api/route/6550/map/2098/image,http://ebus.tycg.gov.tw/cms/api/route/6550/stop-address.pdf,2
6550,24,L207,大崙紫線,中壢區公所,中壢區公所,6550,免費巴士,,,中壢,http://ebus.tycg.gov.tw/cms/api/route/6550/map/2098/image,http://ebus.tycg.gov.tw/cms/api/route/6550/stop-address.pdf,2
6551,1,L207A,大崙紫線,中壢區公所,中壢區公所,6551,免費巴士,,,中壢,http://ebus.tycg.gov.tw/cms/api/route/6551/map/2099/image,http://ebus.tycg.gov.tw/cms/api/route/6551/stop-address.pdf,2
6551,24,L207A,大崙紫線,中壢區公所,中壢區公所,6551,免費巴士,,,中壢,http://ebus.tycg.gov.tw/cms/api/route/6551/map/2099/image,http://ebus.tycg.gov.tw/cms/api/route/6551/stop-address.pdf,2
6560,1,L208,內環黃線,中壢區公所,中壢區公所,6560,免費巴士,,,中壢,http://ebus.tycg.gov.tw/cms/api/route/6560/map/833/image,http://ebus.tycg.gov.tw/cms/api/route/6560/stop-address.pdf,2
6560,24,L208,內環黃線,中壢區公所,中壢區公所,6560,免費巴士,,,中壢,http://ebus.tycg.gov.tw/cms/api/route/6560/map/833/image,http://ebus.tycg.gov.tw/cms/api/route/6560/stop-address.pdf,2
6580,1,L209,內定青埔灰線,中壢區公所,中壢區公所,6580,免費巴士,,,中壢,http://ebus.tycg.gov.tw/cms/api/route/6580/map/2100/image,http://ebus.tycg.gov.tw/cms/api/route/6580/stop-address.pdf,2
6580,24,L209,內定青埔灰線,中壢區公所,中壢區公所,6580,免費巴士,,,中壢,http://ebus.tycg.gov.tw/cms/api/route/6580/map/2100/image,http://ebus.tycg.gov.tw/cms/api/route/6580/stop-address.pdf,2
6720,1,L210,東勢紅,平鎮區公所,平鎮區公所,6720,免費巴士,,,平鎮,http://ebus.tycg.gov.tw/cms/api/route/6720/map/1008/image,http://ebus.tycg.gov.tw/cms/api/route/6720/stop-address.pdf,2
6720,24,L210,東勢紅,平鎮區公所,平鎮區公所,6720,免費巴士,,,平鎮,http://ebus.tycg.gov.tw/cms/api/route/6720/map/1008/image,http://ebus.tycg.gov.tw/cms/api/route/6720/stop-address.pdf,2
6710,1,L211,東勢藍,平鎮區公所,平鎮區公所,6710,免費巴士,,,平鎮,http://ebus.tycg.gov.tw/cms/api/route/6710/map/1009/image,http://ebus.tycg.gov.tw/cms/api/route/6710/stop-address.pdf,2
6710,24,L211,東勢藍,平鎮區公所,平鎮區公所,6710,免費巴士,,,平鎮,http://ebus.tycg.gov.tw/cms/api/route/6710/map/1009/image,http://ebus.tycg.gov.tw/cms/api/route/6710/stop-address.pdf,2
6760,1,L215,平南紅,平鎮區公所,平鎮區公所,6760,免費巴士,,,平鎮,http://ebus.tycg.gov.tw/cms/api/route/6760/map/1013/image,http://ebus.tycg.gov.tw/cms/api/route/6760/stop-address.pdf,2
6760,24,L215,平南紅,平鎮區公所,平鎮區公所,6760,免費巴士,,,平鎮,http://ebus.tycg.gov.tw/cms/api/route/6760/map/1013/image,http://ebus.tycg.gov.tw/cms/api/route/6760/stop-address.pdf,2
6750,1,L216,平南藍,平鎮區公所,平鎮區公所,6750,免費巴士,,,平鎮,http://ebus.tycg.gov.tw/cms/api/route/6750/map/1014/image,http://ebus.tycg.gov.tw/cms/api/route/6750/stop-address.pdf,2
6750,24,L216,平南藍,平鎮區公所,平鎮區公所,6750,免費巴士,,,平鎮,http://ebus.tycg.gov.tw/cms/api/route/6750/map/1014/image,http://ebus.tycg.gov.tw/cms/api/route/6750/stop-address.pdf,2
6770,1,L217,高連紅,平鎮區公所,平鎮區公所,6770,免費巴士,,,平鎮,http://ebus.tycg.gov.tw/cms/api/route/6770/map/1015/image,http://ebus.tycg.gov.tw/cms/api/route/6770/stop-address.pdf,2
6770,24,L217,高連紅,平鎮區公所,平鎮區公所,6770,免費巴士,,,平鎮,http://ebus.tycg.gov.tw/cms/api/route/6770/map/1015/image,http://ebus.tycg.gov.tw/cms/api/route/6770/stop-address.pdf,2
6780,1,L218,高連藍,平鎮區公所,平鎮區公所,6780,免費巴士,,,平鎮,http://ebus.tycg.gov.tw/cms/api/route/6780/map/1017/image,http://ebus.tycg.gov.tw/cms/api/route/6780/stop-address.pdf,2
6780,24,L218,高連藍,平鎮區公所,平鎮區公所,6780,免費巴士,,,平鎮,http://ebus.tycg.gov.tw/cms/api/route/6780/map/1017/image,http://ebus.tycg.gov.tw/cms/api/route/6780/stop-address.pdf,2
53020,6,L302,黃線,蘆竹區公所(左線),蘆竹區公所(右線),53020,免費巴士,蘆竹,5965854,蘆竹,http://ebus.tycg.gov.tw/cms/api/route/53020/map/506/image,http://ebus.tycg.gov.tw/cms/api/route/53020/stop-address.pdf,2
53021,6,L302A,黃線A,戶政地政衛生所(左線),戶政地政衛生所(右線),53021,免費巴士,蘆竹,5965854,蘆竹,http://ebus.tycg.gov.tw/cms/api/route/53021/map/249/image,http://ebus.tycg.gov.tw/cms/api/route/53021/stop-address.pdf,2
53022,6,L302B,黃線B,捷運山鼻站(左線),捷運山鼻站(右線),53022,免費巴士,蘆竹,5965854,蘆竹,http://ebus.tycg.gov.tw/cms/api/route/53022/map/480/image,http://ebus.tycg.gov.tw/cms/api/route/53022/stop-address.pdf,2
53030,6,L303,棕線,蘆竹區公所(左線),蘆竹區公所(右線),53030,免費巴士,蘆竹,5965854,蘆竹,http://ebus.tycg.gov.tw/cms/api/route/53030/map/915/image,http://ebus.tycg.gov.tw/cms/api/route/53030/stop-address.pdf,2
53031,6,L303A,棕線A(繞駛威天宮),蘆竹區公所,蘆竹區公所,53030,免費巴士,蘆竹,5965854,蘆竹,http://ebus.tycg.gov.tw/cms/api/route/53031/map/1600/image,http://ebus.tycg.gov.tw/cms/api/route/53031/stop-address.pdf,2
53060,6,L306A,紅線A(經八股路),蘆竹區公所,大竹,53060,免費巴士,蘆竹,5965854,蘆竹,http://ebus.tycg.gov.tw/cms/api/route/53060/map/962/image,http://ebus.tycg.gov.tw/cms/api/route/53060/stop-address.pdf,2
53061,6,L306B,紅線B(經蘆竹),蘆竹區公所,大竹,53061,免費巴士,蘆竹,5965854,蘆竹,http://ebus.tycg.gov.tw/cms/api/route/53061/map/963/image,http://ebus.tycg.gov.tw/cms/api/route/53061/stop-address.pdf,2
53090,6,L309,藍海線,蘆竹區公所,蘆竹區公所,53090,免費巴士,蘆竹,5965854,蘆竹,http://ebus.tycg.gov.tw/cms/api/route/53090/map/257/image,http://ebus.tycg.gov.tw/cms/api/route/53090/stop-address.pdf,2
53091,6,L309A,藍海線A,山腳郵局,蘆竹區公所,53091,免費巴士,蘆竹,5965854,蘆竹,http://ebus.tycg.gov.tw/cms/api/route/53091/map/258/image,http://ebus.tycg.gov.tw/cms/api/route/53091/stop-address.pdf,2
53092,6,L309B,藍海線B,蘆竹區公所,蘆竹區公所,53092,免費巴士,蘆竹,5965854,蘆竹,http://ebus.tycg.gov.tw/cms/api/route/53092/map/259/image,http://ebus.tycg.gov.tw/cms/api/route/53092/stop-address.pdf,2
53100,24,L310,龜山紅線,龜山區公所,龜山分局,53100,免費巴士,,,龜山,http://ebus.tycg.gov.tw/cms/api/route/53100/map/482/image,http://ebus.tycg.gov.tw/cms/api/route/53100/stop-address.pdf,2
53110,24,L311,龜山藍線,龜山區公所,龜山國小,53110,免費巴士,,,龜山,http://ebus.tycg.gov.tw/cms/api/route/53110/map/483/image,http://ebus.tycg.gov.tw/cms/api/route/53110/stop-address.pdf,2
53170,24,L317,長庚醫院紅線(行駛桃園分院及養生村),龜山區公所,龜山區公所,53170,免費巴士,,,龜山,http://ebus.tycg.gov.tw/cms/api/route/53170/map/1721/image,http://ebus.tycg.gov.tw/cms/api/route/53170/stop-address.pdf,2
53171,24,L317A,長庚醫院紅線(繞駛文青路),龜山區公所,龜山區公所,53171,免費巴士,,,龜山,http://ebus.tycg.gov.tw/cms/api/route/53171/map/1722/image,http://ebus.tycg.gov.tw/cms/api/route/53171/stop-address.pdf,2
53180,24,L318,長庚醫院紅線(未行駛桃園分院及養生村),龜山區公所,龜山區公所,53180,免費巴士,,,龜山,http://ebus.tycg.gov.tw/cms/api/route/53180/map/1723/image,http://ebus.tycg.gov.tw/cms/api/route/53180/stop-address.pdf,2
53190,24,L319,長庚醫院藍線,龜山區公所,龜山區公所,53190,免費巴士,,,龜山,http://ebus.tycg.gov.tw/cms/api/route/53190/map/1724/image,http://ebus.tycg.gov.tw/cms/api/route/53190/stop-address.pdf,2
53191,24,L319A,長庚醫院藍線(繞駛文青路),龜山區公所,龜山區公所,53191,免費巴士,,,龜山,http://ebus.tycg.gov.tw/cms/api/route/53191/map/1725/image,http://ebus.tycg.gov.tw/cms/api/route/53191/stop-address.pdf,2
53250,24,L325,中坑線,龜山區公所,龜山國小,53250,免費巴士,,,龜山,http://ebus.tycg.gov.tw/cms/api/route/53250/map/244/image,http://ebus.tycg.gov.tw/cms/api/route/53250/stop-address.pdf,2
53260,24,L326,坪頂線 - 長庚國小開,長庚國小,林口長庚醫院,53260,免費巴士,,,龜山,http://ebus.tycg.gov.tw/cms/api/route/53260/map/1726/image,http://ebus.tycg.gov.tw/cms/api/route/53260/stop-address.pdf,2
53270,24,L327,坪頂線 - 林口長庚開,林口長庚醫院,長庚國小,53270,免費巴士,,,龜山,http://ebus.tycg.gov.tw/cms/api/route/53270/map/1727/image,http://ebus.tycg.gov.tw/cms/api/route/53270/stop-address.pdf,2
43290,24,L329,嶺頂線(經優美街),龜山區公所,龜山區公所,53120,免費巴士,,,龜山,http://ebus.tycg.gov.tw/cms/api/route/43290/map/1395/image,http://ebus.tycg.gov.tw/cms/api/route/43290/stop-address.pdf,2
53311,6,L331A,灰線A,三商公司,錦興國小,53311,免費巴士,蘆竹,5965854,蘆竹,http://ebus.tycg.gov.tw/cms/api/route/53311/map/1024/image,http://ebus.tycg.gov.tw/cms/api/route/53311/stop-address.pdf,2
53313,6,L331C,灰線C,長榮空廚,光明國中,53313,免費巴士,蘆竹,5965854,蘆竹,http://ebus.tycg.gov.tw/cms/api/route/53313/map/1026/image,http://ebus.tycg.gov.tw/cms/api/route/53313/stop-address.pdf,2
53314,6,L331D,灰線D,光明國中,長榮空廚,53314,免費巴士,蘆竹,5965854,蘆竹,http://ebus.tycg.gov.tw/cms/api/route/53314/map/1027/image,http://ebus.tycg.gov.tw/cms/api/route/53314/stop-address.pdf,2
55020,925,L502,林口長庚藍線,大皇冠社區,長庚桃園分院,55020,免費巴士,,,大園,http://ebus.tycg.gov.tw/cms/api/route/55020/map/1081/image,http://ebus.tycg.gov.tw/cms/api/route/55020/stop-address.pdf,2
55060,925,L506,捷運接駁線,大園區公所,捷運橫山站,55060,免費巴士,,,大園,http://ebus.tycg.gov.tw/cms/api/route/55060/map/1083/image,http://ebus.tycg.gov.tw/cms/api/route/55060/stop-address.pdf,2
55070,925,L507,竹圍綠線,竹圍國小,大園區公所,55070,免費巴士,,,大園,http://ebus.tycg.gov.tw/cms/api/route/55070/map/1447/image,http://ebus.tycg.gov.tw/cms/api/route/55070/stop-address.pdf,2
55080,925,L508,捷運大園站  -  富文宮,捷運大園站,富文宮,55080,免費巴士,,,大園,http://ebus.tycg.gov.tw/cms/api/route/55080/map/1085/image,http://ebus.tycg.gov.tw/cms/api/route/55080/stop-address.pdf,2
5120,1,T512,觀音站 - 桃園長庚轉運站,觀音站,桃園長庚轉運站,5120,RTY,,,RG,http://ebus.tycg.gov.tw/cms/api/route/5120/map/1969/image,,10
5121,1,T512A,桃園長庚轉運站 - 高鐵桃園站,桃園長庚轉運站,高鐵桃園站,5121,RTY,,,RG,http://ebus.tycg.gov.tw/cms/api/route/5121/map/1918/image,,10
5130,40,T513,白玉 - 高鐵桃園站,白玉,高鐵桃園站,5130,RTY,,,RG,http://ebus.tycg.gov.tw/cms/api/route/5130/map/1920/image,,10
5130,23,T513,白玉 - 高鐵桃園站,白玉,高鐵桃園站,5130,RTY,,,RG,http://ebus.tycg.gov.tw/cms/api/route/5130/map/1920/image,,10
5150,40,T515,埔頂 - 高鐵桃園站,埔頂,高鐵桃園站,5150,RTY,,,RG,http://ebus.tycg.gov.tw/cms/api/route/5150/map/1921/image,,10
5160,40,T516,觀音行政區 - 草漯,觀音行政園區,草漯國中,5160,RTY,,,RG,http://ebus.tycg.gov.tw/cms/api/route/5160/map/1844/image,,10
5160,23,T516,觀音行政區 - 草漯,觀音行政園區,草漯國中,5160,RTY,,,RG,http://ebus.tycg.gov.tw/cms/api/route/5160/map/1844/image,,10
5161,40,T516A,觀音(玉林路)站 - 草漯(延駛至高鐵桃園站),觀音站,草漯國中,5161,RTY,,,RG,http://ebus.tycg.gov.tw/cms/api/route/5161/map/1923/image,,10
5161,23,T516A,觀音(玉林路)站 - 草漯(延駛至高鐵桃園站),觀音站,草漯國中,5161,RTY,,,RG,http://ebus.tycg.gov.tw/cms/api/route/5161/map/1923/image,,10
5162,1,T516B,觀音行政園區 - 草漯,觀音行政園區,草漯國中,5162,RTY,,,RG,http://ebus.tycg.gov.tw/cms/api/route/5162/map/2023/image,,10
5170,40,T517,觀音(玉林路)站 - 新坡農會,觀音站,新坡農會,5170,RTY,,,RG,http://ebus.tycg.gov.tw/cms/api/route/5170/map/1924/image,,10
5170,23,T517,觀音(玉林路)站 - 新坡農會,觀音站,新坡農會,5170,RTY,,,RG,http://ebus.tycg.gov.tw/cms/api/route/5170/map/1924/image,,10
5171,40,T517A,觀音(玉林路)站 - 新坡農會(繞駛至蘭亭集序),觀音站,新坡農會,5171,RTY,,,RG,http://ebus.tycg.gov.tw/cms/api/route/5171/map/1925/image,,10
5171,23,T517A,觀音(玉林路)站 - 新坡農會(繞駛至蘭亭集序),觀音站,新坡農會,5171,RTY,,,RG,http://ebus.tycg.gov.tw/cms/api/route/5171/map/1925/image,,10
55180,925,L518,竹圍棕線,成功社區,大園區公所,55180,免費巴士,,,大園,http://ebus.tycg.gov.tw/cms/api/route/55180/map/1086/image,http://ebus.tycg.gov.tw/cms/api/route/55180/stop-address.pdf,2
36410,1,L601,新屋一線,新屋區公所,富岡火車站,36410,免費巴士,,,新屋,http://ebus.tycg.gov.tw/cms/api/route/36410/map/1303/image,http://ebus.tycg.gov.tw/cms/api/route/36410/stop-address.pdf,2
36430,1,L602,新屋二甲線,富岡火車站,蚵間里福興宮,36430,免費巴士,,,新屋,http://ebus.tycg.gov.tw/cms/api/route/36430/map/1835/image,http://ebus.tycg.gov.tw/cms/api/route/36430/stop-address.pdf,2
36431,1,L602A,新屋二甲線(繞駛永安漁港、不繞動保園區),富岡火車站,蚵間里福興宮,36431,免費巴士,,,新屋,http://ebus.tycg.gov.tw/cms/api/route/36431/map/1836/image,http://ebus.tycg.gov.tw/cms/api/route/36431/stop-address.pdf,2
36420,1,L603,新屋二乙線,富岡火車站,蚵間里福興宮,36420,免費巴士,,,新屋,http://ebus.tycg.gov.tw/cms/api/route/36420/map/1837/image,http://ebus.tycg.gov.tw/cms/api/route/36420/stop-address.pdf,2
36421,1,L603A,新屋二乙線(繞駛永安漁港、不繞動保園區),富岡火車站,蚵間里福興宮,36421,免費巴士,,,新屋,http://ebus.tycg.gov.tw/cms/api/route/36421/map/1838/image,http://ebus.tycg.gov.tw/cms/api/route/36421/stop-address.pdf,2
36440,1,L605,高鐵線,新屋區公所,高鐵桃園站,36440,免費巴士,,,新屋,http://ebus.tycg.gov.tw/cms/api/route/36440/map/2113/image,http://ebus.tycg.gov.tw/cms/api/route/36440/stop-address.pdf,2
36441,1,L605A,高鐵線(延駛長庚醫院),新屋區公所,林口長庚醫院,36441,免費巴士,,,新屋,http://ebus.tycg.gov.tw/cms/api/route/36441/map/2114/image,http://ebus.tycg.gov.tw/cms/api/route/36441/stop-address.pdf,2
822,8,L608,永寧上田線,老莊路739巷,大造加油站,822,免費巴士,,,楊梅,http://ebus.tycg.gov.tw/cms/api/route/822/map/461/image,http://ebus.tycg.gov.tw/cms/api/route/822/stop-address.pdf,2
824,8,L609,幼獅工業區線,藝術社區,高獅里834巷,824,免費巴士,,,楊梅,http://ebus.tycg.gov.tw/cms/api/route/824/map/328/image,http://ebus.tycg.gov.tw/cms/api/route/824/stop-address.pdf,2
825,8,L611,富岡員本線,瑞原國小,瑞原國小,825,免費巴士,,,楊梅,http://ebus.tycg.gov.tw/cms/api/route/825/map/331/image,http://ebus.tycg.gov.tw/cms/api/route/825/stop-address.pdf,2
826,8,L612,富岡上湖線,富岡火車站,富岡火車站,826,免費巴士,,,楊梅,http://ebus.tycg.gov.tw/cms/api/route/826/map/332/image,http://ebus.tycg.gov.tw/cms/api/route/826/stop-address.pdf,2
827,8,L613,觀光路線,楊梅後車站,楊梅後車站,827,免費巴士,,,楊梅,http://ebus.tycg.gov.tw/cms/api/route/827/map/462/image,http://ebus.tycg.gov.tw/cms/api/route/827/stop-address.pdf,2
831,8,L613A,觀光路線,楊梅後車站,楊梅後車站,831,免費巴士,,,楊梅,http://ebus.tycg.gov.tw/cms/api/route/831/map/334/image,http://ebus.tycg.gov.tw/cms/api/route/831/stop-address.pdf,2
828,8,L615,楊梅上湖線,八方園餐廳,楊梅後站,828,免費巴士,,,楊梅,http://ebus.tycg.gov.tw/cms/api/route/828/map/463/image,http://ebus.tycg.gov.tw/cms/api/route/828/stop-address.pdf,2
36460,1,L617,東明大坡線,新榮路82巷口,蚵間里福興宮,36460,免費巴士,,,新屋,http://ebus.tycg.gov.tw/cms/api/route/36460/map/858/image,http://ebus.tycg.gov.tw/cms/api/route/36460/stop-address.pdf,2
57010,1,L701,河東線,桃客大溪站,桃客大溪站,57010,免費巴士,,,大溪,http://ebus.tycg.gov.tw/cms/api/route/57010/map/1927/image,http://ebus.tycg.gov.tw/cms/api/route/57010/stop-address.pdf,2
57011,1,L701A,河東線(延駛向天坡),桃客大溪站,桃客大溪站,57011,免費巴士,,,大溪,http://ebus.tycg.gov.tw/cms/api/route/57011/map/1928/image,http://ebus.tycg.gov.tw/cms/api/route/57011/stop-address.pdf,2
57050,1,L705,環西甲線,桃客大溪站,桃客大溪站,57050,免費巴士,,,大溪,http://ebus.tycg.gov.tw/cms/api/route/57050/map/1886/image,http://ebus.tycg.gov.tw/cms/api/route/57050/stop-address.pdf,2
57060,1,L706,環西乙線,桃客大溪站,桃客大溪站,57060,免費巴士,,,大溪,http://ebus.tycg.gov.tw/cms/api/route/57060/map/1887/image,http://ebus.tycg.gov.tw/cms/api/route/57060/stop-address.pdf,2
57120,1,L712,河東線假日2,桃客大溪站,桃客大溪站,57120,免費巴士,,,大溪,http://ebus.tycg.gov.tw/cms/api/route/57120/map/1888/image,http://ebus.tycg.gov.tw/cms/api/route/57120/stop-address.pdf,2
36510,1,L716,龍潭科學園區線,龍潭區衛生所,龍潭科學園區,36510,免費巴士,,,龍潭,http://ebus.tycg.gov.tw/cms/api/route/36510/map/491/image,http://ebus.tycg.gov.tw/cms/api/route/36510/stop-address.pdf,2
36510,24,L716,龍潭科學園區線,龍潭區衛生所,龍潭科學園區,36510,免費巴士,,,龍潭,http://ebus.tycg.gov.tw/cms/api/route/36510/map/491/image,http://ebus.tycg.gov.tw/cms/api/route/36510/stop-address.pdf,2
36520,1,L717,水仙社區甲線,南天宮,水仙社區,36520,免費巴士,,,龍潭,http://ebus.tycg.gov.tw/cms/api/route/36520/map/1764/image,http://ebus.tycg.gov.tw/cms/api/route/36520/stop-address.pdf,2
36520,24,L717,水仙社區甲線,南天宮,水仙社區,36520,免費巴士,,,龍潭,http://ebus.tycg.gov.tw/cms/api/route/36520/map/1764/image,http://ebus.tycg.gov.tw/cms/api/route/36520/stop-address.pdf,2
36530,1,L718,水仙社區乙線,南天宮,水仙社區,36530,免費巴士,,,龍潭,http://ebus.tycg.gov.tw/cms/api/route/36530/map/1765/image,http://ebus.tycg.gov.tw/cms/api/route/36530/stop-address.pdf,2
36530,24,L718,水仙社區乙線,南天宮,水仙社區,36530,免費巴士,,,龍潭,http://ebus.tycg.gov.tw/cms/api/route/36530/map/1765/image,http://ebus.tycg.gov.tw/cms/api/route/36530/stop-address.pdf,2
57210,1,L721,中興黃唐甲線,龍潭區公所,龍潭區公所,57210,免費巴士,,,龍潭,http://ebus.tycg.gov.tw/cms/api/route/57210/map/581/image,http://ebus.tycg.gov.tw/cms/api/route/57210/stop-address.pdf,2
57210,24,L721,中興黃唐甲線,龍潭區公所,龍潭區公所,57210,免費巴士,,,龍潭,http://ebus.tycg.gov.tw/cms/api/route/57210/map/581/image,http://ebus.tycg.gov.tw/cms/api/route/57210/stop-address.pdf,2
57220,1,L722,中興黃唐乙線,龍潭區公所,龍潭區公所,57220,免費巴士,,,龍潭,http://ebus.tycg.gov.tw/cms/api/route/57220/map/582/image,http://ebus.tycg.gov.tw/cms/api/route/57220/stop-address.pdf,2
57220,24,L722,中興黃唐乙線,龍潭區公所,龍潭區公所,57220,免費巴士,,,龍潭,http://ebus.tycg.gov.tw/cms/api/route/57220/map/582/image,http://ebus.tycg.gov.tw/cms/api/route/57220/stop-address.pdf,2
57230,1,L723,烏樹林龍祥甲線,龍潭區公所,龍潭區公所,57230,免費巴士,,,龍潭,http://ebus.tycg.gov.tw/cms/api/route/57230/map/583/image,http://ebus.tycg.gov.tw/cms/api/route/57230/stop-address.pdf,2
57230,24,L723,烏樹林龍祥甲線,龍潭區公所,龍潭區公所,57230,免費巴士,,,龍潭,http://ebus.tycg.gov.tw/cms/api/route/57230/map/583/image,http://ebus.tycg.gov.tw/cms/api/route/57230/stop-address.pdf,2
57250,1,L725,烏樹林龍祥乙線,龍潭區公所,龍潭區公所,57250,免費巴士,,,龍潭,http://ebus.tycg.gov.tw/cms/api/route/57250/map/584/image,http://ebus.tycg.gov.tw/cms/api/route/57250/stop-address.pdf,2
57250,24,L725,烏樹林龍祥乙線,龍潭區公所,龍潭區公所,57250,免費巴士,,,龍潭,http://ebus.tycg.gov.tw/cms/api/route/57250/map/584/image,http://ebus.tycg.gov.tw/cms/api/route/57250/stop-address.pdf,2
57270,1,L727,高原甲線,龍潭區公所,法蘭朵社區,57270,免費巴士,,,龍潭,http://ebus.tycg.gov.tw/cms/api/route/57270/map/1690/image,http://ebus.tycg.gov.tw/cms/api/route/57270/stop-address.pdf,2
57270,24,L727,高原甲線,龍潭區公所,法蘭朵社區,57270,免費巴士,,,龍潭,http://ebus.tycg.gov.tw/cms/api/route/57270/map/1690/image,http://ebus.tycg.gov.tw/cms/api/route/57270/stop-address.pdf,2
57280,1,L728,高原乙線,龍潭區公所,法蘭朵社區,57280,免費巴士,,,龍潭,http://ebus.tycg.gov.tw/cms/api/route/57280/map/587/image,http://ebus.tycg.gov.tw/cms/api/route/57280/stop-address.pdf,2
57280,24,L728,高原乙線,龍潭區公所,法蘭朵社區,57280,免費巴士,,,龍潭,http://ebus.tycg.gov.tw/cms/api/route/57280/map/587/image,http://ebus.tycg.gov.tw/cms/api/route/57280/stop-address.pdf,2
9010,1,F901,復興  -  市界,復興,市界,9010,RTY,,,RG,http://ebus.tycg.gov.tw/cms/api/route/9010/map/2124/image,http://ebus.tycg.gov.tw/cms/api/route/9010/stop-address.pdf,10
9018,1,F901A,復興  -  市界(不繞嘎色鬧),復興,市界,9010,RTY,,,RG,http://ebus.tycg.gov.tw/cms/api/route/9018/map/2125/image,http://ebus.tycg.gov.tw/cms/api/route/9018/stop-address.pdf,10
9020,1,F902,復興  -  新興,復興,新興,9020,RTY,,,RG,http://ebus.tycg.gov.tw/cms/api/route/9020/map/1989/image,http://ebus.tycg.gov.tw/cms/api/route/9020/stop-address.pdf,10
9021,1,F902A,復興  -  新興,復興,新興,9021,RTY,,,RG,http://ebus.tycg.gov.tw/cms/api/route/9021/map/1990/image,http://ebus.tycg.gov.tw/cms/api/route/9021/stop-address.pdf,10
9060,1,F906,三民  -  東眼山(經蝙蝠洞),三民,東眼山,9060,RTY,,,RG,http://ebus.tycg.gov.tw/cms/api/route/9060/map/2139/image,http://ebus.tycg.gov.tw/cms/api/route/9060/stop-address.pdf,10
901,40,F901(真好),復興-市界,復興,市界,901,RTY,,,RG,http://ebus.tycg.gov.tw/cms/api/route/901/map/2130/image,,10
902,40,F902B(真好),復興-新興,復興,新興,902,RTY,,,RG,http://ebus.tycg.gov.tw/cms/api/route/902/map/2051/image,,10
9034,40,F903(真好),復興-霞雲,復興,霞雲,9034,RTY,,,RG,http://ebus.tycg.gov.tw/cms/api/route/9034/map/2131/image,,10
9035,40,F903A(真好),復興-霞雲（經綠光森林）,復興,霞雲,9035,RTY,,,RG,http://ebus.tycg.gov.tw/cms/api/route/9035/map/2132/image,,10
9036,40,F903E,復興-霞雲（經奎輝、復興、羅浮）,,,9036,RTY,,,RG,http://ebus.tycg.gov.tw/cms/api/route/9036/map/2133/image,,10
9037,40,F903F,復興-霞雲（經羅浮 、奎輝）,,,9037,RTY,,,RG,http://ebus.tycg.gov.tw/cms/api/route/9037/map/2134/image,,10
9050,40,F905,復興  -  義興,復興,義興,9050,RTY,,,RG,http://ebus.tycg.gov.tw/cms/api/route/9050/map/2008/image,http://ebus.tycg.gov.tw/cms/api/route/9050/stop-address.pdf,10
9070,40,F907,復興  -  雪霧鬧,復興,雪霧鬧,9070,RTY,,,RG,http://ebus.tycg.gov.tw/cms/api/route/9070/map/2006/image,http://ebus.tycg.gov.tw/cms/api/route/9070/stop-address.pdf,10
9071,40,F907A,復興  -  雪霧鬧,,,9071,RTY,,,RG,http://ebus.tycg.gov.tw/cms/api/route/9071/map/2005/image,,10
9072,40,F907B,復興  -  雪霧鬧  -  復興,復興,雪霧鬧-復興,9072,RTY,,,RG,http://ebus.tycg.gov.tw/cms/api/route/9072/map/2007/image,,10
